,OPID,WoPC,current_no2_x,rivm_nsl_2,current_no2_y
0,56144379341,1062,25.3475832601768,24.89436,25.60383395315253
1,56144379341,1062,25.3475832601768,24.89436,25.60383395315253
2,56144379341,1062,25.3475832601768,24.89436,25.60383395315253
3,56144379341,1062,26.37129958668429,24.89436,25.60383395315253
4,56144379341,1062,26.37129958668429,24.89436,25.60383395315253
5,56144379341,1062,26.37129958668429,24.89436,25.60383395315253
6,56144379341,1062,25.0926190125965,24.89436,25.60383395315253
7,56144379341,1062,25.0926190125965,24.89436,25.60383395315253
8,56144379341,1062,25.0926190125965,24.89436,25.60383395315253
9,58965174307,1062,25.37649146414666,24.89436,25.37649146414666
10,58965174307,1062,25.37649146414666,24.89436,25.37649146414666
11,58965174307,1062,25.37649146414666,24.89436,25.37649146414666
12,58999626033,1062,24.009435066754367,24.89436,24.009435066754367
13,58999626033,1062,24.009435066754367,24.89436,24.009435066754367
14,58999626033,1062,24.009435066754367,24.89436,24.009435066754367
15,58999636139,1062,25.3475832601768,24.89436,24.914046678016724
16,58999636139,1062,25.3475832601768,24.89436,24.914046678016724
17,58999636139,1062,25.3475832601768,24.89436,24.914046678016724
18,58999636139,1062,25.3475832601768,24.89436,24.914046678016724
19,58999636139,1062,25.3475832601768,24.89436,24.914046678016724
20,58999636139,1062,25.3475832601768,24.89436,24.914046678016724
21,58999636139,1062,25.3475832601768,24.89436,24.914046678016724
22,58999636139,1062,25.3475832601768,24.89436,24.914046678016724
23,58999636139,1062,23.586754625583232,24.89436,24.914046678016724
24,58999636139,1062,23.586754625583232,24.89436,24.914046678016724
25,58999636139,1062,23.586754625583232,24.89436,24.914046678016724
26,58999636139,1062,23.586754625583232,24.89436,24.914046678016724
27,58999636139,1062,23.586754625583232,24.89436,24.914046678016724
28,58999636139,1062,23.586754625583232,24.89436,24.914046678016724
29,58999636139,1062,23.586754625583232,24.89436,24.914046678016724
30,58999636139,1062,23.586754625583232,24.89436,24.914046678016724
31,58999636139,1062,24.766198469187426,24.89436,24.914046678016724
32,58999636139,1062,24.766198469187426,24.89436,24.914046678016724
33,58999636139,1062,24.766198469187426,24.89436,24.914046678016724
34,58999636139,1062,24.766198469187426,24.89436,24.914046678016724
35,58999636139,1062,24.766198469187426,24.89436,24.914046678016724
36,58999636139,1062,24.766198469187426,24.89436,24.914046678016724
37,58999636139,1062,24.766198469187426,24.89436,24.914046678016724
38,58999636139,1062,24.766198469187426,24.89436,24.914046678016724
39,58999636139,1062,25.955650357119435,24.89436,24.914046678016724
40,58999636139,1062,25.955650357119435,24.89436,24.914046678016724
41,58999636139,1062,25.955650357119435,24.89436,24.914046678016724
42,58999636139,1062,25.955650357119435,24.89436,24.914046678016724
43,58999636139,1062,25.955650357119435,24.89436,24.914046678016724
44,58999636139,1062,25.955650357119435,24.89436,24.914046678016724
45,58999636139,1062,25.955650357119435,24.89436,24.914046678016724
46,58999636139,1062,25.955650357119435,24.89436,24.914046678016724
47,59244214111,1062,25.0926190125965,24.89436,25.0926190125965
48,59244214111,1062,25.0926190125965,24.89436,25.0926190125965
49,59244214111,1062,25.0926190125965,24.89436,25.0926190125965
50,59244214111,1062,25.0926190125965,24.89436,25.0926190125965
51,56175196131,1098,22.0995722025299,21.80897,22.306894805135723
52,56175196131,1098,22.0995722025299,21.80897,22.306894805135723
53,56175196131,1098,22.0995722025299,21.80897,22.306894805135723
54,56175196131,1098,22.0995722025299,21.80897,22.306894805135723
55,56175196131,1098,22.514217407741548,21.80897,22.306894805135723
56,56175196131,1098,22.514217407741548,21.80897,22.306894805135723
57,56175196131,1098,22.514217407741548,21.80897,22.306894805135723
58,56175196131,1098,22.514217407741548,21.80897,22.306894805135723
59,58934191574,1098,25.411655870161717,21.80897,23.7864028827325
60,58934191574,1098,25.411655870161717,21.80897,23.7864028827325
61,58934191574,1098,25.411655870161717,21.80897,23.7864028827325
62,58934191574,1098,25.411655870161717,21.80897,23.7864028827325
63,58934191574,1098,22.161149895303282,21.80897,23.7864028827325
64,58934191574,1098,22.161149895303282,21.80897,23.7864028827325
65,58934191574,1098,22.161149895303282,21.80897,23.7864028827325
66,58934191574,1098,22.161149895303282,21.80897,23.7864028827325
67,59027191698,1098,23.712062253862733,21.80897,23.712062253862733
68,59027191698,1098,23.712062253862733,21.80897,23.712062253862733
69,56175197030,1064,25.63692632259429,20.94384,23.47963236505384
70,56175197030,1064,25.63692632259429,20.94384,23.47963236505384
71,56175197030,1064,25.63692632259429,20.94384,23.47963236505384
72,56175197030,1064,21.322338407513385,20.94384,23.47963236505384
73,56175197030,1064,21.322338407513385,20.94384,23.47963236505384
74,56175197030,1064,21.322338407513385,20.94384,23.47963236505384
75,58965177624,1064,18.66066684125985,20.94384,19.832567168778816
76,58965177624,1064,18.66066684125985,20.94384,19.832567168778816
77,58965177624,1064,18.66066684125985,20.94384,19.832567168778816
78,58965177624,1064,21.004467496297778,20.94384,19.832567168778816
79,58965177624,1064,21.004467496297778,20.94384,19.832567168778816
80,58965177624,1064,21.004467496297778,20.94384,19.832567168778816
81,59120186800,1064,21.125722488893327,20.94384,
82,59120186800,1064,21.125722488893327,20.94384,
83,59120186800,1064,21.125722488893327,20.94384,
84,59120186800,1064,21.125722488893327,20.94384,
85,59120186800,1064,21.125722488893327,20.94384,
86,59120186800,1064,,20.94384,
87,59120186800,1064,,20.94384,
88,59120186800,1064,,20.94384,
89,59120186800,1064,,20.94384,
90,59120186800,1064,,20.94384,
91,56175197154,1066,20.060082825887502,24.00666,22.306462967511855
92,56175197154,1066,20.060082825887502,24.00666,22.306462967511855
93,56175197154,1066,20.060082825887502,24.00666,22.306462967511855
94,56175197154,1066,24.552843109136205,24.00666,22.306462967511855
95,56175197154,1066,24.552843109136205,24.00666,22.306462967511855
96,56175197154,1066,24.552843109136205,24.00666,22.306462967511855
97,58934190644,1066,24.99348950629825,24.00666,24.890723938884292
98,58934190644,1066,24.99348950629825,24.00666,24.890723938884292
99,58934190644,1066,24.99348950629825,24.00666,24.890723938884292
100,58934190644,1066,24.99348950629825,24.00666,24.890723938884292
101,58934190644,1066,24.99348950629825,24.00666,24.890723938884292
102,58934190644,1066,24.78795837147033,24.00666,24.890723938884292
103,58934190644,1066,24.78795837147033,24.00666,24.890723938884292
104,58934190644,1066,24.78795837147033,24.00666,24.890723938884292
105,58934190644,1066,24.78795837147033,24.00666,24.890723938884292
106,58934190644,1066,24.78795837147033,24.00666,24.890723938884292
107,58965177748,1066,25.445527273542503,24.00666,25.445527273542503
108,58999647330,1066,22.18359988040577,24.00666,23.47042392030542
109,58999647330,1066,22.18359988040577,24.00666,23.47042392030542
110,58999647330,1066,24.757247960205078,24.00666,23.47042392030542
111,58999647330,1066,24.757247960205078,24.00666,23.47042392030542
112,59058187141,1066,27.272133850707974,24.00666,27.272133850707974
113,59058187141,1066,27.272133850707974,24.00666,27.272133850707974
114,59058187141,1066,27.272133850707974,24.00666,27.272133850707974
115,59058187141,1066,27.272133850707974,24.00666,27.272133850707974
116,59058194209,1066,24.862484233586326,24.00666,24.862484233586326
117,59058194209,1066,24.862484233586326,24.00666,24.862484233586326
118,59089178926,1066,25.309483103781176,24.00666,25.309483103781176
119,59089178926,1066,25.309483103781176,24.00666,25.309483103781176
120,59089178926,1066,25.309483103781176,24.00666,25.309483103781176
121,59089178926,1066,25.309483103781176,24.00666,25.309483103781176
122,59089178926,1066,25.309483103781176,24.00666,25.309483103781176
123,59089178926,1066,25.309483103781176,24.00666,25.309483103781176
124,59089178926,1066,25.309483103781176,24.00666,25.309483103781176
125,59185622716,1066,26.165430795406554,24.00666,25.702349247916157
126,59185622716,1066,26.165430795406554,24.00666,25.702349247916157
127,59185622716,1066,26.165430795406554,24.00666,25.702349247916157
128,59185622716,1066,26.165430795406554,24.00666,25.702349247916157
129,59185622716,1066,25.880850449021302,24.00666,25.702349247916157
130,59185622716,1066,25.880850449021302,24.00666,25.702349247916157
131,59185622716,1066,25.880850449021302,24.00666,25.702349247916157
132,59185622716,1066,25.880850449021302,24.00666,25.702349247916157
133,59185622716,1066,25.880260634613034,24.00666,25.702349247916157
134,59185622716,1066,25.880260634613034,24.00666,25.702349247916157
135,59185622716,1066,25.880260634613034,24.00666,25.702349247916157
136,59185622716,1066,25.880260634613034,24.00666,25.702349247916157
137,59185622716,1066,24.882855112623727,24.00666,25.702349247916157
138,59185622716,1066,24.882855112623727,24.00666,25.702349247916157
139,59185622716,1066,24.882855112623727,24.00666,25.702349247916157
140,59185622716,1066,24.882855112623727,24.00666,25.702349247916157
141,59247814203,1066,25.14520578960315,24.00666,25.00859439122333
142,59247814203,1066,25.14520578960315,24.00666,25.00859439122333
143,59247814203,1066,25.14520578960315,24.00666,25.00859439122333
144,59247814203,1066,25.0926190125965,24.00666,25.00859439122333
145,59247814203,1066,25.0926190125965,24.00666,25.00859439122333
146,59247814203,1066,25.0926190125965,24.00666,25.00859439122333
147,59247814203,1066,24.78795837147033,24.00666,25.00859439122333
148,59247814203,1066,24.78795837147033,24.00666,25.00859439122333
149,59247814203,1066,24.78795837147033,24.00666,25.00859439122333
150,59278816993,1066,25.96455499007444,24.00666,25.58442580718627
151,59278816993,1066,25.96455499007444,24.00666,25.58442580718627
152,59278816993,1066,25.96455499007444,24.00666,25.58442580718627
153,59278816993,1066,25.204296624298102,24.00666,25.58442580718627
154,59278816993,1066,25.204296624298102,24.00666,25.58442580718627
155,59278816993,1066,25.204296624298102,24.00666,25.58442580718627
156,56175200440,1059,28.378261019179646,28.28333,28.378261019179646
157,56175200440,1059,28.378261019179646,28.28333,28.378261019179646
158,56175200440,1059,28.378261019179646,28.28333,28.378261019179646
159,56175200440,1059,28.378261019179646,28.28333,28.378261019179646
160,56175200440,1059,28.378261019179646,28.28333,28.378261019179646
161,56175200440,1059,28.378261019179646,28.28333,28.378261019179646
162,56175200440,1059,28.378261019179646,28.28333,28.378261019179646
163,56178398090,1059,22.455632785682674,28.28333,22.455632785682674
164,56178398090,1059,22.455632785682674,28.28333,22.455632785682674
165,56178398090,1059,22.455632785682674,28.28333,22.455632785682674
166,56178398090,1059,22.455632785682674,28.28333,22.455632785682674
167,56175202548,1032,23.594223706682698,21.14972,22.752578135562974
168,56175202548,1032,23.594223706682698,21.14972,22.752578135562974
169,56175202548,1032,23.594223706682698,21.14972,22.752578135562974
170,56175202548,1032,23.411323559585647,21.14972,22.752578135562974
171,56175202548,1032,23.411323559585647,21.14972,22.752578135562974
172,56175202548,1032,23.411323559585647,21.14972,22.752578135562974
173,56175202548,1032,21.25218714042058,21.14972,22.752578135562974
174,56175202548,1032,21.25218714042058,21.14972,22.752578135562974
175,56175202548,1032,21.25218714042058,21.14972,22.752578135562974
176,56178393347,1032,24.276914094824,21.14972,24.276914094824
177,58996191450,1032,23.843583600723548,21.14972,23.682980716001328
178,58996191450,1032,23.843583600723548,21.14972,23.682980716001328
179,58996191450,1032,23.843583600723548,21.14972,23.682980716001328
180,58996191450,1032,23.843583600723548,21.14972,23.682980716001328
181,58996191450,1032,23.52237783127911,21.14972,23.682980716001328
182,58996191450,1032,23.52237783127911,21.14972,23.682980716001328
183,58996191450,1032,23.52237783127911,21.14972,23.682980716001328
184,58996191450,1032,23.52237783127911,21.14972,23.682980716001328
185,59030603124,1032,28.3113336966071,21.14972,27.30065710824391
186,59030603124,1032,28.3113336966071,21.14972,27.30065710824391
187,59030603124,1032,26.289980519880725,21.14972,27.30065710824391
188,59030603124,1032,26.289980519880725,21.14972,27.30065710824391
189,59092591468,1032,27.011405471373898,21.14972,27.20775683051095
190,59092591468,1032,27.011405471373898,21.14972,27.20775683051095
191,59092591468,1032,27.404108189648,21.14972,27.20775683051095
192,59092591468,1032,27.404108189648,21.14972,27.20775683051095
193,56178407979,1069,21.78013396630287,21.88602,21.893512511905826
194,56178407979,1069,21.78013396630287,21.88602,21.893512511905826
195,56178407979,1069,21.78013396630287,21.88602,21.893512511905826
196,56178407979,1069,21.78013396630287,21.88602,21.893512511905826
197,56178407979,1069,21.78013396630287,21.88602,21.893512511905826
198,56178407979,1069,22.00689105750878,21.88602,21.893512511905826
199,56178407979,1069,22.00689105750878,21.88602,21.893512511905826
200,56178407979,1069,22.00689105750878,21.88602,21.893512511905826
201,56178407979,1069,22.00689105750878,21.88602,21.893512511905826
202,56178407979,1069,22.00689105750878,21.88602,21.893512511905826
203,58937613478,1069,21.447098226689352,21.88602,21.78743017085346
204,58937613478,1069,21.447098226689352,21.88602,21.78743017085346
205,58937613478,1069,22.127762115017568,21.88602,21.78743017085346
206,58937613478,1069,22.127762115017568,21.88602,21.78743017085346
207,58965173470,1069,23.5889413837376,21.88602,23.279075183084256
208,58965173470,1069,23.5889413837376,21.88602,23.279075183084256
209,58965173470,1069,23.5889413837376,21.88602,23.279075183084256
210,58965173470,1069,23.5889413837376,21.88602,23.279075183084256
211,58965173470,1069,22.57377347364637,21.88602,23.279075183084256
212,58965173470,1069,22.57377347364637,21.88602,23.279075183084256
213,58965173470,1069,22.57377347364637,21.88602,23.279075183084256
214,58965173470,1069,22.57377347364637,21.88602,23.279075183084256
215,58965173470,1069,23.6745106918688,21.88602,23.279075183084256
216,58965173470,1069,23.6745106918688,21.88602,23.279075183084256
217,58965173470,1069,23.6745106918688,21.88602,23.279075183084256
218,58965173470,1069,23.6745106918688,21.88602,23.279075183084256
219,58965183793,1069,22.127762115017568,21.88602,23.027865697158294
220,58965183793,1069,22.127762115017568,21.88602,23.027865697158294
221,58965183793,1069,22.127762115017568,21.88602,23.027865697158294
222,58965183793,1069,24.441513184559717,21.88602,23.027865697158294
223,58965183793,1069,24.441513184559717,21.88602,23.027865697158294
224,58965183793,1069,24.441513184559717,21.88602,23.027865697158294
225,58965183793,1069,22.5143217918976,21.88602,23.027865697158294
226,58965183793,1069,22.5143217918976,21.88602,23.027865697158294
227,58965183793,1069,22.5143217918976,21.88602,23.027865697158294
228,58996183793,1069,23.695903018901596,21.88602,22.576204917097357
229,58996183793,1069,23.695903018901596,21.88602,22.576204917097357
230,58996183793,1069,23.695903018901596,21.88602,22.576204917097357
231,58996183793,1069,23.695903018901596,21.88602,22.576204917097357
232,58996183793,1069,23.695903018901596,21.88602,22.576204917097357
233,58996183793,1069,22.0258206748817,21.88602,22.576204917097357
234,58996183793,1069,22.0258206748817,21.88602,22.576204917097357
235,58996183793,1069,22.0258206748817,21.88602,22.576204917097357
236,58996183793,1069,22.0258206748817,21.88602,22.576204917097357
237,58996183793,1069,22.0258206748817,21.88602,22.576204917097357
238,58996183793,1069,22.00689105750878,21.88602,22.576204917097357
239,58996183793,1069,22.00689105750878,21.88602,22.576204917097357
240,58996183793,1069,22.00689105750878,21.88602,22.576204917097357
241,58996183793,1069,22.00689105750878,21.88602,22.576204917097357
242,58996183793,1069,22.00689105750878,21.88602,22.576204917097357
243,59030616733,1069,22.4930715068539,21.88602,24.375249431665118
244,59030616733,1069,22.4930715068539,21.88602,24.375249431665118
245,59030616733,1069,26.25742735647633,21.88602,24.375249431665118
246,59030616733,1069,26.25742735647633,21.88602,24.375249431665118
247,59058190768,1069,25.348385927073167,21.88602,23.712278904024767
248,59058190768,1069,25.348385927073167,21.88602,23.712278904024767
249,59058190768,1069,25.348385927073167,21.88602,23.712278904024767
250,59058190768,1069,25.348385927073167,21.88602,23.712278904024767
251,59058190768,1069,25.348385927073167,21.88602,23.712278904024767
252,59058190768,1069,22.076171880976368,21.88602,23.712278904024767
253,59058190768,1069,22.076171880976368,21.88602,23.712278904024767
254,59058190768,1069,22.076171880976368,21.88602,23.712278904024767
255,59058190768,1069,22.076171880976368,21.88602,23.712278904024767
256,59058190768,1069,22.076171880976368,21.88602,23.712278904024767
257,59123642060,1069,24.876366369119435,21.88602,24.00949497645732
258,59123642060,1069,24.876366369119435,21.88602,24.00949497645732
259,59123642060,1069,23.1426235837952,21.88602,24.00949497645732
260,59123642060,1069,23.1426235837952,21.88602,24.00949497645732
261,59213196596,1069,25.613312963536586,21.88602,23.82572723415884
262,59213196596,1069,25.613312963536586,21.88602,23.82572723415884
263,59213196596,1069,22.03814150478109,21.88602,23.82572723415884
264,59213196596,1069,22.03814150478109,21.88602,23.82572723415884
265,59216659978,1069,23.7172953459344,21.88602,23.68990831658179
266,59216659978,1069,23.7172953459344,21.88602,23.68990831658179
267,59216659978,1069,23.7172953459344,21.88602,23.68990831658179
268,59216659978,1069,24.523956915964565,21.88602,23.68990831658179
269,59216659978,1069,24.523956915964565,21.88602,23.68990831658179
270,59216659978,1069,24.523956915964565,21.88602,23.68990831658179
271,59216659978,1069,22.8284726878464,21.88602,23.68990831658179
272,59216659978,1069,22.8284726878464,21.88602,23.68990831658179
273,59216659978,1069,22.8284726878464,21.88602,23.68990831658179
274,59244210050,1069,25.348385927073167,21.88602,25.348385927073167
275,59244210050,1069,25.348385927073167,21.88602,25.348385927073167
276,59244210050,1069,25.348385927073167,21.88602,25.348385927073167
277,59244210050,1069,25.348385927073167,21.88602,25.348385927073167
278,59244210050,1069,25.348385927073167,21.88602,25.348385927073167
279,59244214328,1069,22.202980705815996,21.88602,23.253119744548496
280,59244214328,1069,22.202980705815996,21.88602,23.253119744548496
281,59244214328,1069,22.202980705815996,21.88602,23.253119744548496
282,59244214328,1069,22.202980705815996,21.88602,23.253119744548496
283,59244214328,1069,22.202980705815996,21.88602,23.253119744548496
284,59244214328,1069,25.613312963536586,21.88602,23.253119744548496
285,59244214328,1069,25.613312963536586,21.88602,23.253119744548496
286,59244214328,1069,25.613312963536586,21.88602,23.253119744548496
287,59244214328,1069,25.613312963536586,21.88602,23.253119744548496
288,59244214328,1069,25.613312963536586,21.88602,23.253119744548496
289,59244214328,1069,21.943065564292908,21.88602,23.253119744548496
290,59244214328,1069,21.943065564292908,21.88602,23.253119744548496
291,59244214328,1069,21.943065564292908,21.88602,23.253119744548496
292,59244214328,1069,21.943065564292908,21.88602,23.253119744548496
293,59244214328,1069,21.943065564292908,21.88602,23.253119744548496
294,59247805058,1069,22.767160217904,21.88602,22.767160217904
295,59247805058,1069,22.767160217904,21.88602,22.767160217904
296,59247805058,1069,22.767160217904,21.88602,22.767160217904
297,59247805058,1069,22.767160217904,21.88602,22.767160217904
298,58934188536,1019,22.17436635852078,21.94944,23.105055085551513
299,58934188536,1019,22.17436635852078,21.94944,23.105055085551513
300,58934188536,1019,24.035743812582247,21.94944,23.105055085551513
301,58934188536,1019,24.035743812582247,21.94944,23.105055085551513
302,58937615214,1019,24.0637536510731,21.94944,24.0637536510731
303,59027190706,1019,21.764449750537402,21.94944,21.764449750537402
304,59247822635,1019,27.8287023135594,21.94944,27.8287023135594
305,59247822635,1019,27.8287023135594,21.94944,27.8287023135594
306,58934190861,1022,21.864259680745974,19.95691,21.054028739432987
307,58934190861,1022,21.864259680745974,19.95691,21.054028739432987
308,58934190861,1022,21.864259680745974,19.95691,21.054028739432987
309,58934190861,1022,20.24379779812,19.95691,21.054028739432987
310,58934190861,1022,20.24379779812,19.95691,21.054028739432987
311,58934190861,1022,20.24379779812,19.95691,21.054028739432987
312,59027183762,1022,21.214642972310386,19.95691,20.608926875851203
313,59027183762,1022,21.214642972310386,19.95691,20.608926875851203
314,59027183762,1022,20.00321077939202,19.95691,20.608926875851203
315,59027183762,1022,20.00321077939202,19.95691,20.608926875851203
316,59275225891,1022,20.24379779812,19.95691,20.24379779812
317,59275225891,1022,20.24379779812,19.95691,20.24379779812
318,58934191543,1060,24.6343099343351,21.02562,23.3958504418947
319,58934191543,1060,24.6343099343351,21.02562,23.3958504418947
320,58934191543,1060,22.1573909494543,21.02562,23.3958504418947
321,58934191543,1060,22.1573909494543,21.02562,23.3958504418947
322,59027188102,1060,23.667644256153253,21.02562,22.56272529338526
323,59027188102,1060,23.667644256153253,21.02562,22.56272529338526
324,59027188102,1060,21.457806330617267,21.02562,22.56272529338526
325,59027188102,1060,21.457806330617267,21.02562,22.56272529338526
326,59058195883,1060,27.480854943416468,21.02562,24.819122946435385
327,59058195883,1060,27.480854943416468,21.02562,24.819122946435385
328,59058195883,1060,27.480854943416468,21.02562,24.819122946435385
329,59058195883,1060,27.480854943416468,21.02562,24.819122946435385
330,59058195883,1060,22.1573909494543,21.02562,24.819122946435385
331,59058195883,1060,22.1573909494543,21.02562,24.819122946435385
332,59058195883,1060,22.1573909494543,21.02562,24.819122946435385
333,59058195883,1060,22.1573909494543,21.02562,24.819122946435385
334,59182183297,1060,24.6343099343351,21.02562,23.207221950318985
335,59182183297,1060,24.6343099343351,21.02562,23.207221950318985
336,59182183297,1060,24.6343099343351,21.02562,23.207221950318985
337,59182183297,1060,24.6343099343351,21.02562,23.207221950318985
338,59182183297,1060,24.6343099343351,21.02562,23.207221950318985
339,59182183297,1060,24.6343099343351,21.02562,23.207221950318985
340,59182183297,1060,24.6343099343351,21.02562,23.207221950318985
341,59182183297,1060,24.6343099343351,21.02562,23.207221950318985
342,59182183297,1060,24.6343099343351,21.02562,23.207221950318985
343,59182183297,1060,24.6343099343351,21.02562,23.207221950318985
344,59182183297,1060,21.78013396630287,21.02562,23.207221950318985
345,59182183297,1060,21.78013396630287,21.02562,23.207221950318985
346,59182183297,1060,21.78013396630287,21.02562,23.207221950318985
347,59182183297,1060,21.78013396630287,21.02562,23.207221950318985
348,59182183297,1060,21.78013396630287,21.02562,23.207221950318985
349,59185621073,1060,24.802687601316364,21.02562,23.24440503531839
350,59185621073,1060,24.802687601316364,21.02562,23.24440503531839
351,59185621073,1060,21.686122469320416,21.02562,23.24440503531839
352,59185621073,1060,21.686122469320416,21.02562,23.24440503531839
353,59244218110,1060,24.6343099343351,21.02562,23.207221950318985
354,59244218110,1060,24.6343099343351,21.02562,23.207221950318985
355,59244218110,1060,24.6343099343351,21.02562,23.207221950318985
356,59244218110,1060,24.6343099343351,21.02562,23.207221950318985
357,59244218110,1060,24.6343099343351,21.02562,23.207221950318985
358,59244218110,1060,24.6343099343351,21.02562,23.207221950318985
359,59244218110,1060,24.6343099343351,21.02562,23.207221950318985
360,59244218110,1060,24.6343099343351,21.02562,23.207221950318985
361,59244218110,1060,24.6343099343351,21.02562,23.207221950318985
362,59244218110,1060,21.78013396630287,21.02562,23.207221950318985
363,59244218110,1060,21.78013396630287,21.02562,23.207221950318985
364,59244218110,1060,21.78013396630287,21.02562,23.207221950318985
365,59244218110,1060,21.78013396630287,21.02562,23.207221950318985
366,59244218110,1060,21.78013396630287,21.02562,23.207221950318985
367,59244218110,1060,21.78013396630287,21.02562,23.207221950318985
368,59244218110,1060,21.78013396630287,21.02562,23.207221950318985
369,59244218110,1060,21.78013396630287,21.02562,23.207221950318985
370,59244218110,1060,21.78013396630287,21.02562,23.207221950318985
371,59275223318,1060,25.44091919820065,21.02562,25.44091919820065
372,59275223318,1060,25.44091919820065,21.02562,25.44091919820065
373,59275223318,1060,25.44091919820065,21.02562,25.44091919820065
374,59275223318,1060,25.44091919820065,21.02562,25.44091919820065
375,58934191760,1052,23.477376494811423,25.51572,24.535416561665564
376,58934191760,1052,23.477376494811423,25.51572,24.535416561665564
377,58934191760,1052,25.5934566285197,25.51572,24.535416561665564
378,58934191760,1052,25.5934566285197,25.51572,24.535416561665564
379,59092600148,1052,22.98498281931227,25.51572,24.44328092453607
380,59092600148,1052,22.98498281931227,25.51572,24.44328092453607
381,59092600148,1052,22.98498281931227,25.51572,24.44328092453607
382,59092600148,1052,22.98498281931227,25.51572,24.44328092453607
383,59092600148,1052,25.901579029759873,25.51572,24.44328092453607
384,59092600148,1052,25.901579029759873,25.51572,24.44328092453607
385,59092600148,1052,25.901579029759873,25.51572,24.44328092453607
386,59092600148,1052,25.901579029759873,25.51572,24.44328092453607
387,59185634713,1052,22.76053578439775,25.51572,25.193434678371663
388,59185634713,1052,22.76053578439775,25.51572,25.193434678371663
389,59185634713,1052,22.76053578439775,25.51572,25.193434678371663
390,59185634713,1052,22.76053578439775,25.51572,25.193434678371663
391,59185634713,1052,22.76053578439775,25.51572,25.193434678371663
392,59185634713,1052,27.626333572345576,25.51572,25.193434678371663
393,59185634713,1052,27.626333572345576,25.51572,25.193434678371663
394,59185634713,1052,27.626333572345576,25.51572,25.193434678371663
395,59185634713,1052,27.626333572345576,25.51572,25.193434678371663
396,59185634713,1052,27.626333572345576,25.51572,25.193434678371663
397,59185634713,1052,27.626333572345576,25.51572,25.193434678371663
398,59185634713,1052,27.626333572345576,25.51572,25.193434678371663
399,59185634713,1052,27.626333572345576,25.51572,25.193434678371663
400,59185634713,1052,27.626333572345576,25.51572,25.193434678371663
401,59185634713,1052,27.626333572345576,25.51572,25.193434678371663
402,59244216467,1052,25.74662841323855,25.51572,26.056657910069248
403,59244216467,1052,25.74662841323855,25.51572,26.056657910069248
404,59244216467,1052,25.74662841323855,25.51572,26.056657910069248
405,59244216467,1052,26.36668740689995,25.51572,26.056657910069248
406,59244216467,1052,26.36668740689995,25.51572,26.056657910069248
407,59244216467,1052,26.36668740689995,25.51572,26.056657910069248
408,58934192070,1095,,,
409,58934192070,1095,,,
410,58934192070,1095,,,
411,59154677276,1095,22.53879844183504,,22.53879844183504
412,59154677276,1095,22.53879844183504,,22.53879844183504
413,59154677276,1095,22.53879844183504,,22.53879844183504
414,59154677276,1095,22.53879844183504,,22.53879844183504
415,59154677276,1095,22.53879844183504,,22.53879844183504
416,59213195356,1095,24.292813400434902,,24.292813400434902
417,59213195356,1095,24.292813400434902,,24.292813400434902
418,59213195356,1095,24.292813400434902,,24.292813400434902
419,59213195356,1095,24.292813400434902,,24.292813400434902
420,59216661249,1095,25.7398442903539,,
421,59216661249,1095,25.7398442903539,,
422,59216661249,1095,25.7398442903539,,
423,59216661249,1095,25.7398442903539,,
424,59216661249,1095,,,
425,59216661249,1095,,,
426,59216661249,1095,,,
427,59216661249,1095,,,
428,58934193465,1083,22.11248454180056,22.02764,22.144503708467226
429,58934193465,1083,22.11248454180056,22.02764,22.144503708467226
430,58934193465,1083,22.176522875133895,22.02764,22.144503708467226
431,58934193465,1083,22.176522875133895,22.02764,22.144503708467226
432,58996189125,1083,25.637684009826177,22.02764,25.637684009826177
433,59213186056,1083,22.34104796272677,22.02764,23.12630790636006
434,59213186056,1083,22.34104796272677,22.02764,23.12630790636006
435,59213186056,1083,22.34104796272677,22.02764,23.12630790636006
436,59213186056,1083,22.34104796272677,22.02764,23.12630790636006
437,59213186056,1083,23.91156784999335,22.02764,23.12630790636006
438,59213186056,1083,23.91156784999335,22.02764,23.12630790636006
439,59213186056,1083,23.91156784999335,22.02764,23.12630790636006
440,59213186056,1083,23.91156784999335,22.02764,23.12630790636006
441,59216657064,1083,29.904229854855004,22.02764,26.399826445467202
442,59216657064,1083,29.904229854855004,22.02764,26.399826445467202
443,59216657064,1083,29.904229854855004,22.02764,26.399826445467202
444,59216657064,1083,22.8954230360794,22.02764,26.399826445467202
445,59216657064,1083,22.8954230360794,22.02764,26.399826445467202
446,59216657064,1083,22.8954230360794,22.02764,26.399826445467202
447,58934193868,1108,20.286903668929,19.17702,20.286903668929
448,58934193868,1108,20.286903668929,19.17702,20.286903668929
449,58934194178,1103,24.2334212135999,20.15021,24.0413029856254
450,58934194178,1103,24.2334212135999,20.15021,24.0413029856254
451,58934194178,1103,24.2334212135999,20.15021,24.0413029856254
452,58934194178,1103,24.2334212135999,20.15021,24.0413029856254
453,58934194178,1103,23.849184757650903,20.15021,24.0413029856254
454,58934194178,1103,23.849184757650903,20.15021,24.0413029856254
455,58934194178,1103,23.849184757650903,20.15021,24.0413029856254
456,58934194178,1103,23.849184757650903,20.15021,24.0413029856254
457,59185617477,1103,22.500323260882332,20.15021,22.500323260882332
458,59216684065,1103,24.6266267665478,20.15021,24.6266267665478
459,59216684065,1103,24.6266267665478,20.15021,24.6266267665478
460,59244208748,1103,26.302664517595147,20.15021,25.072711529965375
461,59244208748,1103,26.302664517595147,20.15021,25.072711529965375
462,59244208748,1103,26.302664517595147,20.15021,25.072711529965375
463,59244208748,1103,23.842758542335602,20.15021,25.072711529965375
464,59244208748,1103,23.842758542335602,20.15021,25.072711529965375
465,59244208748,1103,23.842758542335602,20.15021,25.072711529965375
466,58937613633,1056,25.179624355233827,32.8341,28.402839629586737
467,58937613633,1056,25.179624355233827,32.8341,28.402839629586737
468,58937613633,1056,25.179624355233827,32.8341,28.402839629586737
469,58937613633,1056,25.179624355233827,32.8341,28.402839629586737
470,58937613633,1056,25.179624355233827,32.8341,28.402839629586737
471,58937613633,1056,31.626054903939647,32.8341,28.402839629586737
472,58937613633,1056,31.626054903939647,32.8341,28.402839629586737
473,58937613633,1056,31.626054903939647,32.8341,28.402839629586737
474,58937613633,1056,31.626054903939647,32.8341,28.402839629586737
475,58937613633,1056,31.626054903939647,32.8341,28.402839629586737
476,59275222016,1056,30.089235726009903,32.8341,30.089235726009903
477,59275222016,1056,30.089235726009903,32.8341,30.089235726009903
478,59275222016,1056,30.089235726009903,32.8341,30.089235726009903
479,59275222016,1056,30.089235726009903,32.8341,30.089235726009903
480,58937618624,1033,24.82609417782235,25.03966,25.44279425602759
481,58937618624,1033,24.82609417782235,25.03966,25.44279425602759
482,58937618624,1033,24.82609417782235,25.03966,25.44279425602759
483,58937618624,1033,24.82609417782235,25.03966,25.44279425602759
484,58937618624,1033,26.05949433423283,25.03966,25.44279425602759
485,58937618624,1033,26.05949433423283,25.03966,25.44279425602759
486,58937618624,1033,26.05949433423283,25.03966,25.44279425602759
487,58937618624,1033,26.05949433423283,25.03966,25.44279425602759
488,58996191481,1033,22.428067281282726,25.03966,23.69538260142385
489,58996191481,1033,22.428067281282726,25.03966,23.69538260142385
490,58996191481,1033,24.962697921564978,25.03966,23.69538260142385
491,58996191481,1033,24.962697921564978,25.03966,23.69538260142385
492,59061634310,1033,24.69771760137705,25.03966,24.69771760137705
493,59061634310,1033,24.69771760137705,25.03966,24.69771760137705
494,59123668038,1033,22.984102388423572,25.03966,23.93882910110589
495,59123668038,1033,22.984102388423572,25.03966,23.93882910110589
496,59123668038,1033,22.984102388423572,25.03966,23.93882910110589
497,59123668038,1033,22.984102388423572,25.03966,23.93882910110589
498,59123668038,1033,24.893555813788204,25.03966,23.93882910110589
499,59123668038,1033,24.893555813788204,25.03966,23.93882910110589
500,59123668038,1033,24.893555813788204,25.03966,23.93882910110589
501,59123668038,1033,24.893555813788204,25.03966,23.93882910110589
502,59151191016,1033,24.543671514408054,25.03966,24.543671514408054
503,59213192845,1033,23.32434282533433,25.03966,24.05389104418893
504,59213192845,1033,23.32434282533433,25.03966,24.05389104418893
505,59213192845,1033,23.32434282533433,25.03966,24.05389104418893
506,59213192845,1033,23.32434282533433,25.03966,24.05389104418893
507,59213192845,1033,24.783439263043526,25.03966,24.05389104418893
508,59213192845,1033,24.783439263043526,25.03966,24.05389104418893
509,59213192845,1033,24.783439263043526,25.03966,24.05389104418893
510,59213192845,1033,24.783439263043526,25.03966,24.05389104418893
511,59244207942,1033,21.716089968008493,25.03966,23.497074517809658
512,59244207942,1033,21.716089968008493,25.03966,23.497074517809658
513,59244207942,1033,21.716089968008493,25.03966,23.497074517809658
514,59244207942,1033,21.716089968008493,25.03966,23.497074517809658
515,59244207942,1033,24.40083076182556,25.03966,23.497074517809658
516,59244207942,1033,24.40083076182556,25.03966,23.497074517809658
517,59244207942,1033,24.40083076182556,25.03966,23.497074517809658
518,59244207942,1033,24.40083076182556,25.03966,23.497074517809658
519,59244207942,1033,23.24167052053493,25.03966,23.497074517809658
520,59244207942,1033,23.24167052053493,25.03966,23.497074517809658
521,59244207942,1033,23.24167052053493,25.03966,23.497074517809658
522,59244207942,1033,23.24167052053493,25.03966,23.497074517809658
523,59244207942,1033,24.629706820869643,25.03966,23.497074517809658
524,59244207942,1033,24.629706820869643,25.03966,23.497074517809658
525,59244207942,1033,24.629706820869643,25.03966,23.497074517809658
526,59244207942,1033,24.629706820869643,25.03966,23.497074517809658
527,58937624359,1087,27.697191992799336,18.1193,24.097006581263933
528,58937624359,1087,27.697191992799336,18.1193,24.097006581263933
529,58937624359,1087,27.697191992799336,18.1193,24.097006581263933
530,58937624359,1087,20.496821169728534,18.1193,24.097006581263933
531,58937624359,1087,20.496821169728534,18.1193,24.097006581263933
532,58937624359,1087,20.496821169728534,18.1193,24.097006581263933
533,58965176105,1087,24.954919953409835,18.1193,23.446851224064492
534,58965176105,1087,24.954919953409835,18.1193,23.446851224064492
535,58965176105,1087,21.93878249471915,18.1193,23.446851224064492
536,58965176105,1087,21.93878249471915,18.1193,23.446851224064492
537,58965182119,1087,23.718906531729957,18.1193,23.718906531729957
538,58965182119,1087,23.718906531729957,18.1193,23.718906531729957
539,58965182119,1087,23.718906531729957,18.1193,23.718906531729957
540,58965182119,1087,23.718906531729957,18.1193,23.718906531729957
541,58996187327,1087,21.8744254344073,18.1193,21.8744254344073
542,58996187327,1087,21.8744254344073,18.1193,21.8744254344073
543,58996187327,1087,21.8744254344073,18.1193,21.8744254344073
544,59058184258,1087,20.4202090978985,18.1193,20.42363629795345
545,59058184258,1087,20.4202090978985,18.1193,20.42363629795345
546,59058184258,1087,20.4270634980084,18.1193,20.42363629795345
547,59058184258,1087,20.4270634980084,18.1193,20.42363629795345
548,59151187606,1087,23.658684112069267,18.1193,24.1574338705756
549,59151187606,1087,23.658684112069267,18.1193,24.1574338705756
550,59151187606,1087,23.658684112069267,18.1193,24.1574338705756
551,59151187606,1087,23.658684112069267,18.1193,24.1574338705756
552,59151187606,1087,23.658684112069267,18.1193,24.1574338705756
553,59151187606,1087,23.658684112069267,18.1193,24.1574338705756
554,59151187606,1087,23.658684112069267,18.1193,24.1574338705756
555,59151187606,1087,24.388776183885025,18.1193,24.1574338705756
556,59151187606,1087,24.388776183885025,18.1193,24.1574338705756
557,59151187606,1087,24.388776183885025,18.1193,24.1574338705756
558,59151187606,1087,24.388776183885025,18.1193,24.1574338705756
559,59151187606,1087,24.388776183885025,18.1193,24.1574338705756
560,59151187606,1087,24.388776183885025,18.1193,24.1574338705756
561,59151187606,1087,24.388776183885025,18.1193,24.1574338705756
562,59151187606,1087,24.424841315772497,18.1193,24.1574338705756
563,59151187606,1087,24.424841315772497,18.1193,24.1574338705756
564,59151187606,1087,24.424841315772497,18.1193,24.1574338705756
565,59151187606,1087,24.424841315772497,18.1193,24.1574338705756
566,59151187606,1087,24.424841315772497,18.1193,24.1574338705756
567,59151187606,1087,24.424841315772497,18.1193,24.1574338705756
568,59151187606,1087,24.424841315772497,18.1193,24.1574338705756
569,58937634124,1065,24.825751408800397,23.76008,24.990006659109156
570,58937634124,1065,24.825751408800397,23.76008,24.990006659109156
571,58937634124,1065,24.825751408800397,23.76008,24.990006659109156
572,58937634124,1065,25.95990592867583,23.76008,24.990006659109156
573,58937634124,1065,25.95990592867583,23.76008,24.990006659109156
574,58937634124,1065,25.95990592867583,23.76008,24.990006659109156
575,58937634124,1065,24.18436263985124,23.76008,24.990006659109156
576,58937634124,1065,24.18436263985124,23.76008,24.990006659109156
577,58937634124,1065,24.18436263985124,23.76008,24.990006659109156
578,59058192907,1065,24.265308457982282,23.76008,24.101086445626812
579,59058192907,1065,24.265308457982282,23.76008,24.101086445626812
580,59058192907,1065,24.265308457982282,23.76008,24.101086445626812
581,59058192907,1065,24.265308457982282,23.76008,24.101086445626812
582,59058192907,1065,24.265308457982282,23.76008,24.101086445626812
583,59058192907,1065,24.265308457982282,23.76008,24.101086445626812
584,59058192907,1065,24.265308457982282,23.76008,24.101086445626812
585,59058192907,1065,24.265308457982282,23.76008,24.101086445626812
586,59058192907,1065,23.936864433271346,23.76008,24.101086445626812
587,59058192907,1065,23.936864433271346,23.76008,24.101086445626812
588,59058192907,1065,23.936864433271346,23.76008,24.101086445626812
589,59058192907,1065,23.936864433271346,23.76008,24.101086445626812
590,59058192907,1065,23.936864433271346,23.76008,24.101086445626812
591,59058192907,1065,23.936864433271346,23.76008,24.101086445626812
592,59058192907,1065,23.936864433271346,23.76008,24.101086445626812
593,59058192907,1065,23.936864433271346,23.76008,24.101086445626812
594,58965173625,1071,25.358906189538814,25.26188,25.358906189538814
595,58965173625,1071,25.358906189538814,25.26188,25.358906189538814
596,58965173625,1071,25.358906189538814,25.26188,25.358906189538814
597,59027191543,1071,25.169572593752548,25.26188,27.077172151569492
598,59027191543,1071,25.169572593752548,25.26188,27.077172151569492
599,59027191543,1071,25.169572593752548,25.26188,27.077172151569492
600,59027191543,1071,25.169572593752548,25.26188,27.077172151569492
601,59027191543,1071,26.6093218094522,25.26188,27.077172151569492
602,59027191543,1071,26.6093218094522,25.26188,27.077172151569492
603,59027191543,1071,26.6093218094522,25.26188,27.077172151569492
604,59027191543,1071,26.6093218094522,25.26188,27.077172151569492
605,59027191543,1071,30.53688733909254,25.26188,27.077172151569492
606,59027191543,1071,30.53688733909254,25.26188,27.077172151569492
607,59027191543,1071,30.53688733909254,25.26188,27.077172151569492
608,59027191543,1071,30.53688733909254,25.26188,27.077172151569492
609,59027191543,1071,25.992906863980686,25.26188,27.077172151569492
610,59027191543,1071,25.992906863980686,25.26188,27.077172151569492
611,59027191543,1071,25.992906863980686,25.26188,27.077172151569492
612,59027191543,1071,25.992906863980686,25.26188,27.077172151569492
613,59058189094,1071,31.57699606399537,25.26188,28.618693774137828
614,59058189094,1071,31.57699606399537,25.26188,28.618693774137828
615,59058189094,1071,31.57699606399537,25.26188,28.618693774137828
616,59058189094,1071,31.57699606399537,25.26188,28.618693774137828
617,59058189094,1071,31.57699606399537,25.26188,28.618693774137828
618,59058189094,1071,31.57699606399537,25.26188,28.618693774137828
619,59058189094,1071,25.660391484280286,25.26188,28.618693774137828
620,59058189094,1071,25.660391484280286,25.26188,28.618693774137828
621,59058189094,1071,25.660391484280286,25.26188,28.618693774137828
622,59058189094,1071,25.660391484280286,25.26188,28.618693774137828
623,59058189094,1071,25.660391484280286,25.26188,28.618693774137828
624,59058189094,1071,25.660391484280286,25.26188,28.618693774137828
625,58965174152,1086,25.280934977729167,21.38762,24.50506007485646
626,58965174152,1086,25.280934977729167,21.38762,24.50506007485646
627,58965174152,1086,25.280934977729167,21.38762,24.50506007485646
628,58965174152,1086,25.280934977729167,21.38762,24.50506007485646
629,58965174152,1086,25.280934977729167,21.38762,24.50506007485646
630,58965174152,1086,25.280934977729167,21.38762,24.50506007485646
631,58965174152,1086,25.280934977729167,21.38762,24.50506007485646
632,58965174152,1086,23.72918517198375,21.38762,24.50506007485646
633,58965174152,1086,23.72918517198375,21.38762,24.50506007485646
634,58965174152,1086,23.72918517198375,21.38762,24.50506007485646
635,58965174152,1086,23.72918517198375,21.38762,24.50506007485646
636,58965174152,1086,23.72918517198375,21.38762,24.50506007485646
637,58965174152,1086,23.72918517198375,21.38762,24.50506007485646
638,58965174152,1086,23.72918517198375,21.38762,24.50506007485646
639,58965175392,1106,22.197467565528036,18.83307,22.197467565528036
640,58965175392,1106,22.197467565528036,18.83307,22.197467565528036
641,59061622003,1106,24.7784966854453,18.83307,24.7784966854453
642,59061622003,1106,24.7784966854453,18.83307,24.7784966854453
643,59089188226,1106,18.936656989311587,18.83307,18.936656989311587
644,59089188226,1106,18.936656989311587,18.83307,18.936656989311587
645,59089188226,1106,18.936656989311587,18.83307,18.936656989311587
646,59089188226,1106,18.936656989311587,18.83307,18.936656989311587
647,58965179484,1067,20.654559414978053,18.20231,20.011884701116475
648,58965179484,1067,20.654559414978053,18.20231,20.011884701116475
649,58965179484,1067,19.369209987254898,18.20231,20.011884701116475
650,58965179484,1067,19.369209987254898,18.20231,20.011884701116475
651,59182186335,1067,18.9802433248366,18.20231,18.9802433248366
652,59213185002,1067,18.484751149735224,18.20231,21.424474635018463
653,59213185002,1067,18.484751149735224,18.20231,21.424474635018463
654,59213185002,1067,24.364198120301705,18.20231,21.424474635018463
655,59213185002,1067,24.364198120301705,18.20231,21.424474635018463
656,59216662427,1067,22.17127442778315,18.20231,22.17127442778315
657,59244213987,1067,19.2265087942804,18.20231,21.15573122680819
658,59244213987,1067,19.2265087942804,18.20231,21.15573122680819
659,59244213987,1067,19.2265087942804,18.20231,21.15573122680819
660,59244213987,1067,25.19100870539765,18.20231,21.15573122680819
661,59244213987,1067,25.19100870539765,18.20231,21.15573122680819
662,59244213987,1067,25.19100870539765,18.20231,21.15573122680819
663,59244213987,1067,19.049676180746527,18.20231,21.15573122680819
664,59244213987,1067,19.049676180746527,18.20231,21.15573122680819
665,59244213987,1067,19.049676180746527,18.20231,21.15573122680819
666,59247823255,1067,19.0892168186111,18.20231,19.0892168186111
667,59275221179,1067,24.94661246165067,18.20231,21.82991883253345
668,59275221179,1067,24.94661246165067,18.20231,21.82991883253345
669,59275221179,1067,24.94661246165067,18.20231,21.82991883253345
670,59275221179,1067,24.94661246165067,18.20231,21.82991883253345
671,59275221179,1067,18.713225203416236,18.20231,21.82991883253345
672,59275221179,1067,18.713225203416236,18.20231,21.82991883253345
673,59275221179,1067,18.713225203416236,18.20231,21.82991883253345
674,59275221179,1067,18.713225203416236,18.20231,21.82991883253345
675,58965181809,1021,23.939685090805533,22.55699,23.939685090805533
676,58965181809,1021,23.939685090805533,22.55699,23.939685090805533
677,58965181809,1021,23.939685090805533,22.55699,23.939685090805533
678,59154671944,1021,23.088546132125444,22.55699,22.629494925412153
679,59154671944,1021,23.088546132125444,22.55699,22.629494925412153
680,59154671944,1021,22.170443718698866,22.55699,22.629494925412153
681,59154671944,1021,22.170443718698866,22.55699,22.629494925412153
682,58968585020,1107,22.43756720499675,17.43626,22.43756720499675
683,58968585020,1107,22.43756720499675,17.43626,22.43756720499675
684,58996185746,1072,27.358069070643673,26.69009,27.358069070643673
685,58996185746,1072,27.358069070643673,26.69009,27.358069070643673
686,59058195077,1072,25.186429377966455,26.69009,26.44627759009163
687,59058195077,1072,25.186429377966455,26.69009,26.44627759009163
688,59058195077,1072,25.186429377966455,26.69009,26.44627759009163
689,59058195077,1072,25.186429377966455,26.69009,26.44627759009163
690,59058195077,1072,25.186429377966455,26.69009,26.44627759009163
691,59058195077,1072,25.186429377966455,26.69009,26.44627759009163
692,59058195077,1072,27.706125802216803,26.69009,26.44627759009163
693,59058195077,1072,27.706125802216803,26.69009,26.44627759009163
694,59058195077,1072,27.706125802216803,26.69009,26.44627759009163
695,59058195077,1072,27.706125802216803,26.69009,26.44627759009163
696,59058195077,1072,27.706125802216803,26.69009,26.44627759009163
697,59058195077,1072,27.706125802216803,26.69009,26.44627759009163
698,59244218482,1072,25.1578917376709,26.69009,26.142354667232574
699,59244218482,1072,25.1578917376709,26.69009,26.142354667232574
700,59244218482,1072,27.12681759679425,26.69009,26.142354667232574
701,59244218482,1072,27.12681759679425,26.69009,26.142354667232574
702,58996187389,1078,28.2001566901652,24.55273,28.2001566901652
703,58996187389,1078,28.2001566901652,24.55273,28.2001566901652
704,58996187389,1078,28.2001566901652,24.55273,28.2001566901652
705,59027187792,1078,20.130120951397565,24.55273,20.130120951397565
706,59027187792,1078,20.130120951397565,24.55273,20.130120951397565
707,59027187792,1078,20.130120951397565,24.55273,20.130120951397565
708,59027187792,1078,20.130120951397565,24.55273,20.130120951397565
709,59058186769,1078,24.479044809691224,24.55273,24.479044809691224
710,59058186769,1078,24.479044809691224,24.55273,24.479044809691224
711,59061611742,1078,26.6361669830112,24.55273,26.17918836967372
712,59061611742,1078,26.6361669830112,24.55273,26.17918836967372
713,59061611742,1078,26.6361669830112,24.55273,26.17918836967372
714,59061611742,1078,26.6361669830112,24.55273,26.17918836967372
715,59061611742,1078,26.6361669830112,24.55273,26.17918836967372
716,59061611742,1078,26.6361669830112,24.55273,26.17918836967372
717,59061611742,1078,26.6361669830112,24.55273,26.17918836967372
718,59061611742,1078,26.388302841104284,24.55273,26.17918836967372
719,59061611742,1078,26.388302841104284,24.55273,26.17918836967372
720,59061611742,1078,26.388302841104284,24.55273,26.17918836967372
721,59061611742,1078,26.388302841104284,24.55273,26.17918836967372
722,59061611742,1078,26.388302841104284,24.55273,26.17918836967372
723,59061611742,1078,26.388302841104284,24.55273,26.17918836967372
724,59061611742,1078,26.388302841104284,24.55273,26.17918836967372
725,59061611742,1078,25.513095284905674,24.55273,26.17918836967372
726,59061611742,1078,25.513095284905674,24.55273,26.17918836967372
727,59061611742,1078,25.513095284905674,24.55273,26.17918836967372
728,59061611742,1078,25.513095284905674,24.55273,26.17918836967372
729,59061611742,1078,25.513095284905674,24.55273,26.17918836967372
730,59061611742,1078,25.513095284905674,24.55273,26.17918836967372
731,59061611742,1078,25.513095284905674,24.55273,26.17918836967372
732,58996187761,1024,22.4442508222025,21.05452,22.118042205543198
733,58996187761,1024,22.4442508222025,21.05452,22.118042205543198
734,58996187761,1024,21.7918335888839,21.05452,22.118042205543198
735,58996187761,1024,21.7918335888839,21.05452,22.118042205543198
736,58996192938,1024,21.828426319811264,21.05452,21.820699683196466
737,58996192938,1024,21.828426319811264,21.05452,21.820699683196466
738,58996192938,1024,21.828426319811264,21.05452,21.820699683196466
739,58996192938,1024,21.812973046581668,21.05452,21.820699683196466
740,58996192938,1024,21.812973046581668,21.05452,21.820699683196466
741,58996192938,1024,21.812973046581668,21.05452,21.820699683196466
742,58996191109,1061,24.481393647402818,23.66162,24.481393647402818
743,58996191109,1061,24.481393647402818,23.66162,24.481393647402818
744,59151193589,1061,25.496332935753998,23.66162,25.496332935753998
745,59151193589,1061,25.496332935753998,23.66162,25.496332935753998
746,59151193589,1061,25.496332935753998,23.66162,25.496332935753998
747,59151193589,1061,25.496332935753998,23.66162,25.496332935753998
748,59151193589,1061,25.496332935753998,23.66162,25.496332935753998
749,59151193589,1061,25.496332935753998,23.66162,25.496332935753998
750,59151193589,1061,25.496332935753998,23.66162,25.496332935753998
751,59185615276,1061,21.8204032776006,23.66162,22.927802414557135
752,59185615276,1061,21.8204032776006,23.66162,22.927802414557135
753,59185615276,1061,24.035201551513666,23.66162,22.927802414557135
754,59185615276,1061,24.035201551513666,23.66162,22.927802414557135
755,59213192318,1061,24.7584436386269,23.66162,24.7584436386269
756,59213192318,1061,24.7584436386269,23.66162,24.7584436386269
757,59213192318,1061,24.7584436386269,23.66162,24.7584436386269
758,59213192318,1061,24.7584436386269,23.66162,24.7584436386269
759,59213192318,1061,24.7584436386269,23.66162,24.7584436386269
760,59247823007,1061,26.594477951496245,23.66162,26.594477951496245
761,59247823007,1061,26.594477951496245,23.66162,26.594477951496245
762,58999638464,1011,27.185708660373976,26.70526,26.337153184362922
763,58999638464,1011,27.185708660373976,26.70526,26.337153184362922
764,58999638464,1011,27.185708660373976,26.70526,26.337153184362922
765,58999638464,1011,27.185708660373976,26.70526,26.337153184362922
766,58999638464,1011,27.185708660373976,26.70526,26.337153184362922
767,58999638464,1011,27.185708660373976,26.70526,26.337153184362922
768,58999638464,1011,27.185708660373976,26.70526,26.337153184362922
769,58999638464,1011,24.15959357196685,26.70526,26.337153184362922
770,58999638464,1011,24.15959357196685,26.70526,26.337153184362922
771,58999638464,1011,24.15959357196685,26.70526,26.337153184362922
772,58999638464,1011,24.15959357196685,26.70526,26.337153184362922
773,58999638464,1011,24.15959357196685,26.70526,26.337153184362922
774,58999638464,1011,24.15959357196685,26.70526,26.337153184362922
775,58999638464,1011,24.15959357196685,26.70526,26.337153184362922
776,58999638464,1011,27.66615732074795,26.70526,26.337153184362922
777,58999638464,1011,27.66615732074795,26.70526,26.337153184362922
778,58999638464,1011,27.66615732074795,26.70526,26.337153184362922
779,58999638464,1011,27.66615732074795,26.70526,26.337153184362922
780,58999638464,1011,27.66615732074795,26.70526,26.337153184362922
781,58999638464,1011,27.66615732074795,26.70526,26.337153184362922
782,58999638464,1011,27.66615732074795,26.70526,26.337153184362922
783,59092603124,1011,24.104776392931,26.70526,25.80620226432424
784,59092603124,1011,24.104776392931,26.70526,25.80620226432424
785,59092603124,1011,27.50762813571748,26.70526,25.80620226432424
786,59092603124,1011,27.50762813571748,26.70526,25.80620226432424
787,59275223442,1011,22.45352415475947,26.70526,24.262280428777284
788,59275223442,1011,22.45352415475947,26.70526,24.262280428777284
789,59275223442,1011,22.45352415475947,26.70526,24.262280428777284
790,59275223442,1011,22.45352415475947,26.70526,24.262280428777284
791,59275223442,1011,26.071036702795098,26.70526,24.262280428777284
792,59275223442,1011,26.071036702795098,26.70526,24.262280428777284
793,59275223442,1011,26.071036702795098,26.70526,24.262280428777284
794,59275223442,1011,26.071036702795098,26.70526,24.262280428777284
795,58999642711,1051,25.41982919209798,22.97043,25.41982919209798
796,59092593483,1051,25.49734914790265,22.97043,25.49734914790265
797,59092593483,1051,25.49734914790265,22.97043,25.49734914790265
798,59092593483,1051,25.49734914790265,22.97043,25.49734914790265
799,59092593483,1051,25.49734914790265,22.97043,25.49734914790265
800,59092593483,1051,25.49734914790265,22.97043,25.49734914790265
801,59092593483,1051,25.49734914790265,22.97043,25.49734914790265
802,59120193124,1051,25.550047492616,22.97043,25.550047492616
803,59120193124,1051,25.550047492616,22.97043,25.550047492616
804,59120193124,1051,25.550047492616,22.97043,25.550047492616
805,59123644509,1051,23.721750742948203,22.97043,23.721750742948203
806,59123644509,1051,23.721750742948203,22.97043,23.721750742948203
807,59123644509,1051,23.721750742948203,22.97043,23.721750742948203
808,59123644509,1051,23.721750742948203,22.97043,23.721750742948203
809,59123644509,1051,23.721750742948203,22.97043,23.721750742948203
810,59123644509,1051,23.721750742948203,22.97043,23.721750742948203
811,59123644509,1051,23.721750742948203,22.97043,23.721750742948203
812,59123644509,1051,23.721750742948203,22.97043,23.721750742948203
813,59123644509,1051,23.721750742948203,22.97043,23.721750742948203
814,59123644509,1051,23.721750742948203,22.97043,23.721750742948203
815,59123644509,1051,23.721750742948203,22.97043,23.721750742948203
816,59123644509,1051,23.721750742948203,22.97043,23.721750742948203
817,59123644509,1051,23.721750742948203,22.97043,23.721750742948203
818,59123644509,1051,23.721750742948203,22.97043,23.721750742948203
819,59027182119,1076,25.89601477313863,25.6523,25.89601477313863
820,59027182119,1076,25.89601477313863,25.6523,25.89601477313863
821,59027182119,1076,25.89601477313863,25.6523,25.89601477313863
822,59120188691,1076,24.55889914620292,25.6523,24.55889914620292
823,59120188691,1076,24.55889914620292,25.6523,24.55889914620292
824,59120188691,1076,24.55889914620292,25.6523,24.55889914620292
825,59120188691,1076,24.55889914620292,25.6523,24.55889914620292
826,59120188691,1076,24.55889914620292,25.6523,24.55889914620292
827,59247813211,1076,23.7524369890086,25.6523,25.23472794415751
828,59247813211,1076,23.7524369890086,25.6523,25.23472794415751
829,59247813211,1076,23.7524369890086,25.6523,25.23472794415751
830,59247813211,1076,23.7524369890086,25.6523,25.23472794415751
831,59247813211,1076,23.7524369890086,25.6523,25.23472794415751
832,59247813211,1076,26.717018899306417,25.6523,25.23472794415751
833,59247813211,1076,26.717018899306417,25.6523,25.23472794415751
834,59247813211,1076,26.717018899306417,25.6523,25.23472794415751
835,59247813211,1076,26.717018899306417,25.6523,25.23472794415751
836,59247813211,1076,26.717018899306417,25.6523,25.23472794415751
837,59027184010,1034,22.157713312624423,19.88872,22.157713312624423
838,59027184010,1034,22.157713312624423,19.88872,22.157713312624423
839,59027184010,1034,22.157713312624423,19.88872,22.157713312624423
840,59027184010,1034,22.157713312624423,19.88872,22.157713312624423
841,59027184010,1034,22.157713312624423,19.88872,22.157713312624423
842,59120189063,1034,24.543671514408054,19.88872,22.849842977729043
843,59120189063,1034,24.543671514408054,19.88872,22.849842977729043
844,59120189063,1034,21.156014441050033,19.88872,22.849842977729043
845,59120189063,1034,21.156014441050033,19.88872,22.849842977729043
846,59151196596,1053,23.21166962671151,24.69004,24.393873080966088
847,59151196596,1053,23.21166962671151,24.69004,24.393873080966088
848,59151196596,1053,23.21166962671151,24.69004,24.393873080966088
849,59151196596,1053,23.21166962671151,24.69004,24.393873080966088
850,59151196596,1053,23.21166962671151,24.69004,24.393873080966088
851,59151196596,1053,25.576076535220665,24.69004,24.393873080966088
852,59151196596,1053,25.576076535220665,24.69004,24.393873080966088
853,59151196596,1053,25.576076535220665,24.69004,24.393873080966088
854,59151196596,1053,25.576076535220665,24.69004,24.393873080966088
855,59151196596,1053,25.576076535220665,24.69004,24.393873080966088
856,59244218234,1053,23.67657962468155,24.69004,23.67657962468155
857,59244218234,1053,23.67657962468155,24.69004,23.67657962468155
858,59244218234,1053,23.67657962468155,24.69004,23.67657962468155
859,59244218234,1053,23.67657962468155,24.69004,23.67657962468155
860,59027188412,1055,26.180425598432763,25.6488,26.180425598432763
861,59247803911,1055,24.223693267283203,25.6488,24.223693267283203
862,59247803911,1055,24.223693267283203,25.6488,24.223693267283203
863,59247803911,1055,24.223693267283203,25.6488,24.223693267283203
864,59247803911,1055,24.223693267283203,25.6488,24.223693267283203
865,59247803911,1055,24.223693267283203,25.6488,24.223693267283203
866,59247803911,1055,24.223693267283203,25.6488,24.223693267283203
867,59027189280,1082,23.704640876555537,21.95778,23.483798157590744
868,59027189280,1082,23.704640876555537,21.95778,23.483798157590744
869,59027189280,1082,23.704640876555537,21.95778,23.483798157590744
870,59027189280,1082,23.26295543862595,21.95778,23.483798157590744
871,59027189280,1082,23.26295543862595,21.95778,23.483798157590744
872,59027189280,1082,23.26295543862595,21.95778,23.483798157590744
873,59151184444,1082,22.34341381276448,21.95778,22.406170910579473
874,59151184444,1082,22.34341381276448,21.95778,22.406170910579473
875,59151184444,1082,22.468928008394464,21.95778,22.406170910579473
876,59151184444,1082,22.468928008394464,21.95778,22.406170910579473
877,59058190210,1074,,25.80969,
878,59058190210,1074,,25.80969,
879,59058190210,1074,,25.80969,
880,59058190210,1074,,25.80969,
881,59058190210,1074,,25.80969,
882,59058190210,1074,,25.80969,
883,59058190210,1074,,25.80969,
884,59058190210,1074,,25.80969,
885,59058190210,1074,,25.80969,
886,59058190210,1074,22.119336514530893,25.80969,
887,59058190210,1074,22.119336514530893,25.80969,
888,59058190210,1074,22.119336514530893,25.80969,
889,59058190210,1074,22.119336514530893,25.80969,
890,59058190210,1074,22.119336514530893,25.80969,
891,59058190210,1074,22.119336514530893,25.80969,
892,59058190210,1074,22.119336514530893,25.80969,
893,59058190210,1074,22.119336514530893,25.80969,
894,59058190210,1074,22.119336514530893,25.80969,
895,59058190210,1074,26.131234766082773,25.80969,
896,59058190210,1074,26.131234766082773,25.80969,
897,59058190210,1074,26.131234766082773,25.80969,
898,59058190210,1074,26.131234766082773,25.80969,
899,59058190210,1074,26.131234766082773,25.80969,
900,59058190210,1074,26.131234766082773,25.80969,
901,59058190210,1074,26.131234766082773,25.80969,
902,59058190210,1074,26.131234766082773,25.80969,
903,59058190210,1074,26.131234766082773,25.80969,
904,59275224527,1074,23.549891602915068,25.80969,25.292703244442013
905,59275224527,1074,23.549891602915068,25.80969,25.292703244442013
906,59275224527,1074,23.549891602915068,25.80969,25.292703244442013
907,59275224527,1074,23.549891602915068,25.80969,25.292703244442013
908,59275224527,1074,23.549891602915068,25.80969,25.292703244442013
909,59275224527,1074,23.549891602915068,25.80969,25.292703244442013
910,59275224527,1074,27.035514885968958,25.80969,25.292703244442013
911,59275224527,1074,27.035514885968958,25.80969,25.292703244442013
912,59275224527,1074,27.035514885968958,25.80969,25.292703244442013
913,59275224527,1074,27.035514885968958,25.80969,25.292703244442013
914,59275224527,1074,27.035514885968958,25.80969,25.292703244442013
915,59275224527,1074,27.035514885968958,25.80969,25.292703244442013
916,59058193682,1058,23.52096996410767,25.05554,24.782766141805034
917,59058193682,1058,23.52096996410767,25.05554,24.782766141805034
918,59058193682,1058,26.044562319502397,25.05554,24.782766141805034
919,59058193682,1058,26.044562319502397,25.05554,24.782766141805034
920,59061621755,1104,24.8719564361318,18.69524,23.799096221078567
921,59061621755,1104,24.8719564361318,18.69524,23.799096221078567
922,59061621755,1104,24.8719564361318,18.69524,23.799096221078567
923,59061621755,1104,24.8719564361318,18.69524,23.799096221078567
924,59061621755,1104,22.726236006025335,18.69524,23.799096221078567
925,59061621755,1104,22.726236006025335,18.69524,23.799096221078567
926,59061621755,1104,22.726236006025335,18.69524,23.799096221078567
927,59061621755,1104,22.726236006025335,18.69524,23.799096221078567
928,59123640758,1104,23.083338072421522,18.69524,21.965226476958684
929,59123640758,1104,23.083338072421522,18.69524,21.965226476958684
930,59123640758,1104,23.083338072421522,18.69524,21.965226476958684
931,59123640758,1104,23.083338072421522,18.69524,21.965226476958684
932,59123640758,1104,20.84711488149585,18.69524,21.965226476958684
933,59123640758,1104,20.84711488149585,18.69524,21.965226476958684
934,59123640758,1104,20.84711488149585,18.69524,21.965226476958684
935,59123640758,1104,20.84711488149585,18.69524,21.965226476958684
936,59154702944,1104,28.11936501249705,18.69524,26.796432577062426
937,59154702944,1104,28.11936501249705,18.69524,26.796432577062426
938,59154702944,1104,28.11936501249705,18.69524,26.796432577062426
939,59154702944,1104,25.4735001416278,18.69524,26.796432577062426
940,59154702944,1104,25.4735001416278,18.69524,26.796432577062426
941,59154702944,1104,25.4735001416278,18.69524,26.796432577062426
942,59182190613,1104,27.27387429597797,18.69524,25.335745991658882
943,59182190613,1104,27.27387429597797,18.69524,25.335745991658882
944,59182190613,1104,23.3976176873398,18.69524,25.335745991658882
945,59182190613,1104,23.3976176873398,18.69524,25.335745991658882
946,59061622871,1091,26.13167510530575,25.8114,27.596272803008524
947,59061622871,1091,26.13167510530575,25.8114,27.596272803008524
948,59061622871,1091,29.0608705007113,25.8114,27.596272803008524
949,59061622871,1091,29.0608705007113,25.8114,27.596272803008524
950,59089179329,1079,24.005848390265577,22.67683,23.5655036587148
951,59089179329,1079,24.005848390265577,22.67683,23.5655036587148
952,59089179329,1079,24.005848390265577,22.67683,23.5655036587148
953,59089179329,1079,24.005848390265577,22.67683,23.5655036587148
954,59089179329,1079,24.005848390265577,22.67683,23.5655036587148
955,59089179329,1079,22.827896959083965,22.67683,23.5655036587148
956,59089179329,1079,22.827896959083965,22.67683,23.5655036587148
957,59089179329,1079,22.827896959083965,22.67683,23.5655036587148
958,59089179329,1079,22.827896959083965,22.67683,23.5655036587148
959,59089179329,1079,22.827896959083965,22.67683,23.5655036587148
960,59089179329,1079,23.86276562679485,22.67683,23.5655036587148
961,59089179329,1079,23.86276562679485,22.67683,23.5655036587148
962,59089179329,1079,23.86276562679485,22.67683,23.5655036587148
963,59089179329,1079,23.86276562679485,22.67683,23.5655036587148
964,59089179329,1079,23.86276562679485,22.67683,23.5655036587148
965,59089187606,1109,21.88946578628104,18.94411,21.88946578628104
966,59089187606,1109,21.88946578628104,18.94411,21.88946578628104
967,59089187606,1109,21.88946578628104,18.94411,21.88946578628104
968,59213192876,1109,20.55981372961929,18.94411,20.55981372961929
969,59089190644,1081,22.7245020125917,21.69531,22.69598386586921
970,59089190644,1081,22.7245020125917,21.69531,22.69598386586921
971,59089190644,1081,22.7245020125917,21.69531,22.69598386586921
972,59089190644,1081,22.667465719146723,21.69531,22.69598386586921
973,59089190644,1081,22.667465719146723,21.69531,22.69598386586921
974,59089190644,1081,22.667465719146723,21.69531,22.69598386586921
975,59213190923,1081,27.77155028418071,21.69531,25.61508201458163
976,59213190923,1081,27.77155028418071,21.69531,25.61508201458163
977,59213190923,1081,27.77155028418071,21.69531,25.61508201458163
978,59213190923,1081,27.77155028418071,21.69531,25.61508201458163
979,59213190923,1081,27.77155028418071,21.69531,25.61508201458163
980,59213190923,1081,27.77155028418071,21.69531,25.61508201458163
981,59213190923,1081,23.45861374498255,21.69531,25.61508201458163
982,59213190923,1081,23.45861374498255,21.69531,25.61508201458163
983,59213190923,1081,23.45861374498255,21.69531,25.61508201458163
984,59213190923,1081,23.45861374498255,21.69531,25.61508201458163
985,59213190923,1081,23.45861374498255,21.69531,25.61508201458163
986,59213190923,1081,23.45861374498255,21.69531,25.61508201458163
987,59216660629,1081,22.7245020125917,21.69531,22.69598386586921
988,59216660629,1081,22.7245020125917,21.69531,22.69598386586921
989,59216660629,1081,22.667465719146723,21.69531,22.69598386586921
990,59216660629,1081,22.667465719146723,21.69531,22.69598386586921
991,59275220280,1081,22.468928008394464,21.69531,22.406170910579473
992,59275220280,1081,22.468928008394464,21.69531,22.406170910579473
993,59275220280,1081,22.468928008394464,21.69531,22.406170910579473
994,59275220280,1081,22.468928008394464,21.69531,22.406170910579473
995,59275220280,1081,22.34341381276448,21.69531,22.406170910579473
996,59275220280,1081,22.34341381276448,21.69531,22.406170910579473
997,59275220280,1081,22.34341381276448,21.69531,22.406170910579473
998,59275220280,1081,22.34341381276448,21.69531,22.406170910579473
999,59278803508,1081,24.399265120790538,21.69531,24.399265120790538
1000,59278803508,1081,24.399265120790538,21.69531,24.399265120790538
1001,59278803508,1081,24.399265120790538,21.69531,24.399265120790538
1002,59278803508,1081,24.399265120790538,21.69531,24.399265120790538
1003,59278803508,1081,24.399265120790538,21.69531,24.399265120790538
1004,59278803508,1081,24.399265120790538,21.69531,24.399265120790538
1005,59092602473,1015,22.22739275145525,24.44014,22.22739275145525
1006,59092602473,1015,22.22739275145525,24.44014,22.22739275145525
1007,59092602473,1015,22.22739275145525,24.44014,22.22739275145525
1008,59120191915,1015,24.43228385410085,24.44014,24.43228385410085
1009,59120191915,1015,24.43228385410085,24.44014,24.43228385410085
1010,59120191915,1015,24.43228385410085,24.44014,24.43228385410085
1011,59120191915,1015,24.43228385410085,24.44014,24.43228385410085
1012,59120191915,1015,24.43228385410085,24.44014,24.43228385410085
1013,59120191915,1015,24.43228385410085,24.44014,24.43228385410085
1014,59216671479,1015,30.241033653777052,24.44014,30.241033653777052
1015,59216671479,1015,30.241033653777052,24.44014,30.241033653777052
1016,59244220962,1015,26.438879680032002,24.44014,26.438879680032002
1017,59244220962,1015,26.438879680032002,24.44014,26.438879680032002
1018,59244220962,1015,26.438879680032002,24.44014,26.438879680032002
1019,59244220962,1015,26.438879680032002,24.44014,26.438879680032002
1020,59244220962,1015,26.438879680032002,24.44014,26.438879680032002
1021,59092607495,1035,24.82609417782235,23.46213,24.82609417782235
1022,59092607495,1035,24.82609417782235,23.46213,24.82609417782235
1023,59092607495,1035,24.82609417782235,23.46213,24.82609417782235
1024,59092607495,1035,24.82609417782235,23.46213,24.82609417782235
1025,59278782459,1035,23.753337080688475,23.46213,23.6979385649042
1026,59278782459,1035,23.753337080688475,23.46213,23.6979385649042
1027,59278782459,1035,23.642540049119923,23.46213,23.6979385649042
1028,59278782459,1035,23.642540049119923,23.46213,23.6979385649042
1029,59120191543,1012,23.294079530668874,28.74343,25.486465341856665
1030,59120191543,1012,23.294079530668874,28.74343,25.486465341856665
1031,59120191543,1012,27.678851153044455,28.74343,25.486465341856665
1032,59120191543,1012,27.678851153044455,28.74343,25.486465341856665
1033,59120192783,1092,26.6705684861412,27.01901,26.6705684861412
1034,59120192783,1092,26.6705684861412,27.01901,26.6705684861412
1035,59151184165,1063,24.84614923049245,21.23449,23.837046356351024
1036,59151184165,1063,24.84614923049245,21.23449,23.837046356351024
1037,59151184165,1063,24.84614923049245,21.23449,23.837046356351024
1038,59151184165,1063,24.84614923049245,21.23449,23.837046356351024
1039,59151184165,1063,22.827943482209598,21.23449,23.837046356351024
1040,59151184165,1063,22.827943482209598,21.23449,23.837046356351024
1041,59151184165,1063,22.827943482209598,21.23449,23.837046356351024
1042,59151184165,1063,22.827943482209598,21.23449,23.837046356351024
1043,59151188536,1097,21.25218714042058,24.22533,23.296107598086365
1044,59151188536,1097,21.25218714042058,24.22533,23.296107598086365
1045,59151188536,1097,21.25218714042058,24.22533,23.296107598086365
1046,59151188536,1097,21.25218714042058,24.22533,23.296107598086365
1047,59151188536,1097,25.34002805575215,24.22533,23.296107598086365
1048,59151188536,1097,25.34002805575215,24.22533,23.296107598086365
1049,59151188536,1097,25.34002805575215,24.22533,23.296107598086365
1050,59151188536,1097,25.34002805575215,24.22533,23.296107598086365
1051,59151188536,1097,25.34002805575215,24.22533,23.296107598086365
1052,59151188536,1097,25.34002805575215,24.22533,23.296107598086365
1053,59151188536,1097,25.34002805575215,24.22533,23.296107598086365
1054,59151188536,1097,25.34002805575215,24.22533,23.296107598086365
1055,59182190365,1097,22.2918090904482,24.22533,23.83812938005651
1056,59182190365,1097,22.2918090904482,24.22533,23.83812938005651
1057,59182190365,1097,22.2918090904482,24.22533,23.83812938005651
1058,59182190365,1097,22.2918090904482,24.22533,23.83812938005651
1059,59182190365,1097,22.2918090904482,24.22533,23.83812938005651
1060,59182190365,1097,24.19954339307707,24.22533,23.83812938005651
1061,59182190365,1097,24.19954339307707,24.22533,23.83812938005651
1062,59182190365,1097,24.19954339307707,24.22533,23.83812938005651
1063,59182190365,1097,24.19954339307707,24.22533,23.83812938005651
1064,59182190365,1097,24.19954339307707,24.22533,23.83812938005651
1065,59182190365,1097,25.02303565664425,24.22533,23.83812938005651
1066,59182190365,1097,25.02303565664425,24.22533,23.83812938005651
1067,59182190365,1097,25.02303565664425,24.22533,23.83812938005651
1068,59182190365,1097,25.02303565664425,24.22533,23.83812938005651
1069,59182190365,1097,25.02303565664425,24.22533,23.83812938005651
1070,59216667852,1097,25.2483925868604,24.22533,25.2483925868604
1071,59275217521,1097,25.92240218069355,24.22533,25.92240218069355
1072,59275229053,1097,20.3963019565294,24.22533,20.3963019565294
1073,59151192628,1075,24.242319962791,24.13802,24.242319962791
1074,59151192628,1075,24.242319962791,24.13802,24.242319962791
1075,59151193806,1036,21.4456539972505,20.29517,21.4456539972505
1076,59151193806,1036,21.4456539972505,20.29517,21.4456539972505
1077,59151193806,1036,21.4456539972505,20.29517,21.4456539972505
1078,59151193806,1036,21.4456539972505,20.29517,21.4456539972505
1079,59151193806,1036,21.4456539972505,20.29517,21.4456539972505
1080,59213191481,1036,26.9453984879616,20.29517,26.9453984879616
1081,59213191481,1036,26.9453984879616,20.29517,26.9453984879616
1082,59213191481,1036,26.9453984879616,20.29517,26.9453984879616
1083,59213191481,1036,26.9453984879616,20.29517,26.9453984879616
1084,59213191481,1036,26.9453984879616,20.29517,26.9453984879616
1085,59213191481,1036,26.9453984879616,20.29517,26.9453984879616
1086,59213191481,1036,26.9453984879616,20.29517,26.9453984879616
1087,59213191481,1036,26.9453984879616,20.29517,26.9453984879616
1088,59213191481,1036,26.9453984879616,20.29517,26.9453984879616
1089,59213191481,1036,26.9453984879616,20.29517,26.9453984879616
1090,59213191481,1036,26.9453984879616,20.29517,26.9453984879616
1091,59213191481,1036,26.9453984879616,20.29517,26.9453984879616
1092,59213191481,1036,26.9453984879616,20.29517,26.9453984879616
1093,59213191481,1036,26.9453984879616,20.29517,26.9453984879616
1094,59213191481,1036,26.9453984879616,20.29517,26.9453984879616
1095,59182184506,1018,24.716491456909203,23.39971,25.373197096879153
1096,59182184506,1018,24.716491456909203,23.39971,25.373197096879153
1097,59182184506,1018,26.0299027368491,23.39971,25.373197096879153
1098,59182184506,1018,26.0299027368491,23.39971,25.373197096879153
1099,59185641130,1102,19.301789020060717,22.72493,19.301789020060717
1100,59185641130,1102,19.301789020060717,22.72493,19.301789020060717
1101,59185641130,1102,19.301789020060717,22.72493,19.301789020060717
1102,59244210732,1014,25.201286620337452,24.38093,24.14030099176695
1103,59244210732,1014,25.201286620337452,24.38093,24.14030099176695
1104,59244210732,1014,25.201286620337452,24.38093,24.14030099176695
1105,59244210732,1014,25.201286620337452,24.38093,24.14030099176695
1106,59244210732,1014,23.07931536319645,24.38093,24.14030099176695
1107,59244210732,1014,23.07931536319645,24.38093,24.14030099176695
1108,59244210732,1014,23.07931536319645,24.38093,24.14030099176695
1109,59244210732,1014,23.07931536319645,24.38093,24.14030099176695
1110,59244211910,1027,20.956977304557665,16.31888,18.786475637890998
1111,59244211910,1027,20.956977304557665,16.31888,18.786475637890998
1112,59244211910,1027,16.61597397122433,16.31888,18.786475637890998
1113,59244211910,1027,16.61597397122433,16.31888,18.786475637890998
1114,59244213088,1094,24.52573358464395,22.2306,24.52573358464395
1115,59244213088,1094,24.52573358464395,22.2306,24.52573358464395
1116,59244213088,1094,24.52573358464395,22.2306,24.52573358464395
1117,59244215506,1073,23.746587543724452,30.80998,23.746587543724452
1118,59244215506,1073,23.746587543724452,30.80998,23.746587543724452
1119,59244215506,1073,23.746587543724452,30.80998,23.746587543724452
1120,59244215506,1073,23.746587543724452,30.80998,23.746587543724452
1121,59244217831,1013,24.10786884385447,22.65589,24.10786884385447
1122,59244217831,1013,24.10786884385447,22.65589,24.10786884385447
1123,59244217831,1013,24.10786884385447,22.65589,24.10786884385447
1124,59244217831,1013,24.10786884385447,22.65589,24.10786884385447
1125,59244217831,1013,24.10786884385447,22.65589,24.10786884385447
1126,59247831656,1013,24.255778824025597,22.65589,24.255778824025597
1127,59247831656,1013,24.255778824025597,22.65589,24.255778824025597
1128,59247831656,1013,24.255778824025597,22.65589,24.255778824025597
1129,59275214018,1025,21.928029366255004,21.71378,21.928029366255004
1130,59275222636,1025,22.869670077720848,21.71378,22.52005689820986
1131,59275222636,1025,22.869670077720848,21.71378,22.52005689820986
1132,59275222636,1025,22.170443718698866,21.71378,22.52005689820986
1133,59275222636,1025,22.170443718698866,21.71378,22.52005689820986
