OPID,WoPC,res_no2,mob_no2
56144379341,1062,36.50650769,35.52750576
56144379341,1062,36.50650769,35.52750576
56144379341,1062,36.50650769,35.52750576
56175196131,1098,31.85128761,28.69279373
56175196131,1098,31.85128761,28.69279373
56175197030,1064,24.72436056,20.78770645
56175197030,1064,24.72436056,20.78770645
56175197154,1066,27.24088671,28.92282381
56175197154,1066,27.24088671,28.92282381
56175200440,1059,32.41700536,28.19263823
56175202548,1032,23.11213869,35.26487192
56175202548,1032,23.11213869,35.26487192
56175202548,1032,23.11213869,35.26487192
56178393347,1032,23.11213869,26.95606951
56178398090,1059,32.41700536,30.18958578
56178407979,1069,21.12580737,19.93090974
56178407979,1069,21.12580737,19.93090974
58934188536,1019,33.35599031,20.85110867
58934188536,1019,33.35599031,20.85110867
58934190644,1066,27.24088671,33.44481044
58934190644,1066,27.24088671,33.44481044
58934190861,1022,28.24579227,20.40435643
58934190861,1022,28.24579227,20.40435643
58934191543,1060,22.75206034,24.74386345
58934191543,1060,22.75206034,24.74386345
58934191574,1098,31.85128761,30.28247591
58934191574,1098,31.85128761,30.28247591
58934191760,1052,33.45132983,36.45048765
58934191760,1052,33.45132983,36.45048765
58934192070,1095,34.31355956,29.91553077
58934193465,1083,25.94351931,24.30738761
58934193465,1083,25.94351931,24.30738761
58934193868,1108,36.95544425,51.87650668
58934194178,1103,28.27148116,32.56752984
58934194178,1103,28.27148116,32.56752984
58937613478,1069,21.12580737,20.84079616
58937613478,1069,21.12580737,20.84079616
58937613633,1056,36.14041156,34.94487095
58937613633,1056,36.14041156,34.94487095
58937615214,1019,33.35599031,49.10534735
58937618624,1033,25.78639443,35.6339184
58937618624,1033,25.78639443,35.6339184
58937624359,1087,17.76626915,22.51581336
58937624359,1087,17.76626915,22.51581336
58937634124,1065,21.83494777,27.73758545
58937634124,1065,21.83494777,27.73758545
58937634124,1065,21.83494777,27.73758545
58965173470,1069,21.12580737,19.45169752
58965173470,1069,21.12580737,19.45169752
58965173470,1069,21.12580737,19.45169752
58965173625,1071,26.10105385,22.21513359
58965174152,1086,21.36962952,25.07329771
58965174152,1086,21.36962952,25.07329771
58965174307,1062,36.50650769,39.15446041
58965175392,1106,24.32530019,43.71689372
58965176105,1087,17.76626915,33.91229288
58965176105,1087,17.76626915,33.91229288
58965177624,1064,24.72436056,33.50779142
58965177624,1064,24.72436056,33.50779142
58965177748,1066,27.24088671,25.47759613
58965179484,1067,26.9174433,24.43781284
58965179484,1067,26.9174433,24.43781284
58965181809,1021,28.06876655,16.21110957
58965182119,1087,17.76626915,15.60956996
58965183793,1069,21.12580737,21.14587622
58965183793,1069,21.12580737,21.14587622
58965183793,1069,21.12580737,21.14587622
58968585020,1107,17.91218996,30.7919632
58996183793,1069,21.12580737,22.5925357
58996183793,1069,21.12580737,22.5925357
58996185746,1072,29.47638734,24.36675088
58996187327,1087,17.76626915,36.22218782
58996187389,1078,32.23307736,34.41653212
58996187761,1024,22.61716225,26.89480369
58996187761,1024,22.61716225,26.89480369
58996189125,1083,25.94351931,66.58135007
58996191109,1061,36.14419401,46.20681221
58996191450,1032,23.11213869,20.38392447
58996191450,1032,23.11213869,20.38392447
58996191481,1033,25.78639443,26.37188821
58996191481,1033,25.78639443,26.37188821
58996192938,1024,22.61716225,24.86498574
58996192938,1024,22.61716225,24.86498574
58999626033,1062,36.50650769,21.24932814
58999636139,1062,36.50650769,34.96223381
58999636139,1062,36.50650769,34.96223381
58999636139,1062,36.50650769,34.96223381
58999636139,1062,36.50650769,34.96223381
58999638464,1011,38.19896302,40.19227799
58999638464,1011,38.19896302,40.19227799
58999638464,1011,38.19896302,40.19227799
58999642711,1051,29.94803067,37.85804125
58999647330,1066,27.24088671,30.23129118
58999647330,1066,27.24088671,30.23129118
59027182119,1076,35.39856929,30.12093803
59027183762,1022,28.24579227,31.78496343
59027183762,1022,28.24579227,31.78496343
59027184010,1034,23.16527192,23.87560117
59027187792,1078,32.23307736,9.694108577
59027188102,1060,22.75206034,26.14184679
59027188102,1060,22.75206034,26.14184679
59027188412,1055,36.2696021,47.84900701
59027189280,1082,22.2701979,32.85479428
59027189280,1082,22.2701979,32.85479428
59027190706,1019,33.35599031,20.02851861
59027191543,1071,26.10105385,39.89718161
59027191543,1071,26.10105385,39.89718161
59027191543,1071,26.10105385,39.89718161
59027191543,1071,26.10105385,39.89718161
59027191698,1098,31.85128761,37.6881223
59030603124,1032,23.11213869,35.14679984
59030603124,1032,23.11213869,35.14679984
59030616733,1069,21.12580737,31.05965016
59030616733,1069,21.12580737,31.05965016
59058184258,1087,17.76626915,28.08329807
59058184258,1087,17.76626915,28.08329807
59058186769,1078,32.23307736,21.39122596
59058187141,1066,27.24088671,33.85846838
59058189094,1071,26.10105385,39.20709048
59058189094,1071,26.10105385,39.20709048
59058190210,1074,30.05806788,27.42977067
59058190210,1074,30.05806788,27.42977067
59058190210,1074,30.05806788,27.42977067
59058190768,1069,21.12580737,23.48662211
59058190768,1069,21.12580737,23.48662211
59058192907,1065,21.83494777,22.73962829
59058192907,1065,21.83494777,22.73962829
59058193682,1058,33.74793584,32.79547143
59058193682,1058,33.74793584,32.79547143
59058194209,1066,27.24088671,30.32271892
59058195077,1072,29.47638734,22.4332979
59058195077,1072,29.47638734,22.4332979
59058195883,1060,22.75206034,36.85547629
59058195883,1060,22.75206034,36.85547629
59061611742,1078,32.23307736,29.94983168
59061611742,1078,32.23307736,29.94983168
59061611742,1078,32.23307736,29.94983168
59061621755,1104,26.34232467,35.80949148
59061621755,1104,26.34232467,35.80949148
59061622003,1106,24.32530019,19.01442308
59061622871,1091,32.4946677,35.97958983
59061622871,1091,32.4946677,35.97958983
59061634310,1033,25.78639443,34.56937294
59089178926,1066,27.24088671,35.54166648
59089179329,1079,33.90023542,29.3989007
59089179329,1079,33.90023542,29.3989007
59089179329,1079,33.90023542,29.3989007
59089187606,1109,20.87664399,27.55920411
59089188226,1106,24.32530019,21.78442734
59089190644,1081,27.31671948,22.81389169
59089190644,1081,27.31671948,22.81389169
59092591468,1032,23.11213869,34.02429686
59092591468,1032,23.11213869,34.02429686
59092593483,1051,29.94803067,35.59311918
59092600148,1052,33.45132983,24.03227175
59092600148,1052,33.45132983,24.03227175
59092602473,1015,29.54187511,21.82848928
59092603124,1011,38.19896302,38.06573221
59092603124,1011,38.19896302,38.06573221
59092607495,1035,38.21273279,45.47081447
59120186800,1064,24.72436056,34.69566373
59120186800,1064,24.72436056,34.69566373
59120188691,1076,35.39856929,39.39389387
59120189063,1034,23.16527192,23.68378409
59120189063,1034,23.16527192,23.68378409
59120191543,1012,35.61413514,25.19267322
59120191543,1012,35.61413514,25.19267322
59120191915,1015,29.54187511,22.78065917
59120192783,1092,25.32007672,38.66131605
59120193124,1051,29.94803067,38.47280301
59123640758,1104,26.34232467,28.95193346
59123640758,1104,26.34232467,28.95193346
59123642060,1069,21.12580737,25.64674159
59123642060,1069,21.12580737,25.64674159
59123644509,1051,29.94803067,31.32588288
59123668038,1033,25.78639443,21.56136679
59123668038,1033,25.78639443,21.56136679
59151184165,1063,29.94212808,35.42982193
59151184165,1063,29.94212808,35.42982193
59151184444,1082,22.2701979,28.60286267
59151184444,1082,22.2701979,28.60286267
59151187606,1087,17.76626915,34.64018634
59151187606,1087,17.76626915,34.64018634
59151187606,1087,17.76626915,34.64018634
59151188536,1097,29.82096913,24.40555249
59151188536,1097,29.82096913,24.40555249
59151191016,1033,25.78639443,22.96723558
59151192628,1075,27.21630391,31.49469462
59151193589,1061,36.14419401,32.62365764
59151193806,1036,17.98373927,22.42412053
59151196596,1053,32.62076301,28.99141809
59151196596,1053,32.62076301,28.99141809
59154671944,1021,28.06876655,24.41843654
59154671944,1021,28.06876655,24.41843654
59154677276,1095,34.31355956,30.05576243
59154702944,1104,26.34232467,44.79258107
59154702944,1104,26.34232467,44.79258107
59182183297,1060,22.75206034,24.97410916
59182183297,1060,22.75206034,24.97410916
59182184506,1018,31.36515119,36.36143419
59182184506,1018,31.36515119,36.36143419
59182186335,1067,26.9174433,38.7084368
59182190365,1097,29.82096913,31.67689058
59182190365,1097,29.82096913,31.67689058
59182190365,1097,29.82096913,31.67689058
59182190613,1104,26.34232467,31.73755923
59182190613,1104,26.34232467,31.73755923
59185615276,1061,36.14419401,33.37321789
59185615276,1061,36.14419401,33.37321789
59185617477,1103,28.27148116,31.70973878
59185621073,1060,22.75206034,28.25548733
59185621073,1060,22.75206034,28.25548733
59185622716,1066,27.24088671,29.34175081
59185622716,1066,27.24088671,29.34175081
59185622716,1066,27.24088671,29.34175081
59185622716,1066,27.24088671,29.34175081
59185634713,1052,33.45132983,35.07385027
59185634713,1052,33.45132983,35.07385027
59185641130,1102,26.41888078,22.68280328
59213185002,1067,26.9174433,23.28757218
59213185002,1067,26.9174433,23.28757218
59213186056,1083,25.94351931,28.91021648
59213186056,1083,25.94351931,28.91021648
59213190923,1081,27.31671948,36.34074304
59213190923,1081,27.31671948,36.34074304
59213191481,1036,17.98373927,21.77641132
59213192318,1061,36.14419401,41.52187284
59213192845,1033,25.78639443,39.38767257
59213192845,1033,25.78639443,39.38767257
59213192876,1109,20.87664399,23.37622376
59213195356,1095,34.31355956,27.47835247
59213196596,1069,21.12580737,19.57968373
59213196596,1069,21.12580737,19.57968373
59216657064,1083,25.94351931,24.3545317
59216657064,1083,25.94351931,24.3545317
59216659978,1069,21.12580737,23.99346021
59216659978,1069,21.12580737,23.99346021
59216659978,1069,21.12580737,23.99346021
59216660629,1081,27.31671948,27.5557956
59216661249,1095,34.31355956,26.1007812
59216661249,1095,34.31355956,26.1007812
59216662427,1067,26.9174433,39.60553314
59216667852,1097,29.82096913,26.62237756
59216671479,1015,29.54187511,48.83656429
59216684065,1103,28.27148116,37.50726738
59244207942,1033,25.78639443,34.27926342
59244207942,1033,25.78639443,34.27926342
59244207942,1033,25.78639443,34.27926342
59244208748,1103,28.27148116,35.03396286
59244208748,1103,28.27148116,35.03396286
59244210050,1069,21.12580737,22.99979992
59244210732,1014,37.23669863,30.5629434
59244210732,1014,37.23669863,30.5629434
59244211910,1027,30.5689322,27.01707238
59244211910,1027,30.5689322,27.01707238
59244213088,1094,23.30042864,26.80969195
59244213987,1067,26.9174433,26.86491556
59244213987,1067,26.9174433,26.86491556
59244213987,1067,26.9174433,26.86491556
59244214111,1062,36.50650769,32.96039148
59244214328,1069,21.12580737,17.65500201
59244214328,1069,21.12580737,17.65500201
59244214328,1069,21.12580737,17.65500201
59244215506,1073,29.9305428,33.26533829
59244216467,1052,33.45132983,35.16953452
59244216467,1052,33.45132983,35.16953452
59244217831,1013,34.8266861,27.17810765
59244218110,1060,22.75206034,29.25067532
59244218234,1053,32.62076301,28.51477814
59244218482,1072,29.47638734,37.67505224
59244218482,1072,29.47638734,37.67505224
59244220962,1015,29.54187511,23.93851163
59247803911,1055,36.2696021,29.91108839
59247805058,1069,21.12580737,31.65915125
59247813211,1076,35.39856929,28.74132181
59247813211,1076,35.39856929,28.74132181
59247814203,1066,27.24088671,27.25254801
59247814203,1066,27.24088671,27.25254801
59247822635,1019,33.35599031,47.14235315
59247823007,1061,36.14419401,37.05006925
59247823255,1067,26.9174433,22.96930042
59247831656,1013,34.8266861,47.62418403
59275214018,1025,24.12998177,26.10748859
59275217521,1097,29.82096913,37.70848645
59275220280,1081,27.31671948,19.91134904
59275220280,1081,27.31671948,19.91134904
59275221179,1067,26.9174433,30.55864224
59275221179,1067,26.9174433,30.55864224
59275222016,1056,36.14041156,32.48093837
59275222636,1025,24.12998177,28.01332749
59275222636,1025,24.12998177,28.01332749
59275223318,1060,22.75206034,17.25596889
59275223442,1011,38.19896302,36.84660603
59275223442,1011,38.19896302,36.84660603
59275224527,1074,30.05806788,32.60096599
59275224527,1074,30.05806788,32.60096599
59275225891,1022,28.24579227,24.95313929
59275229053,1097,29.82096913,36.44976324
59278782459,1035,38.21273279,30.89968748
59278782459,1035,38.21273279,30.89968748
59278803508,1081,27.31671948,48.51374135
59278816993,1066,27.24088671,26.72524031
59278816993,1066,27.24088671,26.72524031
56144375280,1053,32.62076301,32.25172525
58934187513,1053,32.62076301,26.97814621
58934189714,1053,32.62076301,28.43354646
58937625506,1053,32.62076301,28.19982793
58965176818,1053,32.62076301,34.82970361
58996182181,1053,32.62076301,25.90934321
58999629474,1053,32.62076301,31.36043222
58999650523,1053,32.62076301,45.55237584
59027185808,1053,32.62076301,41.29266275
59030612796,1053,32.62076301,27.86821888
59061633721,1053,32.62076301,38.57891355
59089180011,1053,32.62076301,31.74143407
59092592832,1053,32.62076301,38.3191917
59123647206,1053,32.62076301,44.14570961
59154702262,1053,32.62076301,30.57648116
59185639456,1053,32.62076301,37.28528
59244218234,1053,32.62076301,34.70811998
56175192907,1052,33.45132983,30.48796553
58934191946,1052,33.45132983,26.43420907
58968570605,1052,33.45132983,37.77897347
58968592336,1052,33.45132983,33.17871765
59058184413,1052,33.45132983,23.6093577
59089189528,1052,33.45132983,18.03368941
59120185281,1052,33.45132983,26.2569911
59123645966,1052,33.45132983,26.25266942
59154699937,1052,33.45132983,31.23574843
59185634713,1052,33.45132983,27.20342622
59213189373,1052,33.45132983,30.08257775
59216659885,1052,33.45132983,44.14748747
59278798765,1052,33.45132983,29.34742641
59278812653,1052,33.45132983,29.82470277
56175193465,1021,28.06876655,22.46467688
58965181809,1021,28.06876655,24.86573662
59151188877,1021,28.06876655,26.85430589
59185640603,1021,28.06876655,29.40310121
59278785528,1021,28.06876655,21.27697579
56175193899,1061,36.14419401,37.84246058
58934192225,1061,36.14419401,47.15357538
58968569489,1061,36.14419401,43.72015161
58999636728,1061,36.14419401,35.34924039
59058193124,1061,36.14419401,36.5210012
59151193589,1061,36.14419401,37.41831897
59244222512,1061,36.14419401,33.1333357
59247798951,1061,36.14419401,30.93048729
59275217955,1061,36.14419401,30.78223479
56175195604,1060,22.75206034,8.533968
58996186056,1060,22.75206034,17.55695082
58996192907,1060,22.75206034,26.55401077
59151192442,1060,22.75206034,19.93615048
56175196379,1011,38.19896302,37.66888333
58968580401,1011,38.19896302,32.95760757
58996187513,1011,38.19896302,24.35006644
58999638464,1011,38.19896302,40.99043207
59058192969,1011,38.19896302,32.23877051
59123661714,1011,38.19896302,34.17454222
59182185653,1011,38.19896302,40.94991404
59278812529,1011,38.19896302,28.78708927
56175196534,1016,30.09519333,32.42860248
58965174214,1016,30.09519333,28.1425257
58968587531,1016,30.09519333,31.82226118
58996186707,1016,30.09519333,22.96679221
58996187141,1016,30.09519333,27.41926356
59058182367,1016,30.09519333,32.72559504
59123664442,1016,30.09519333,28.81705293
59151188350,1016,30.09519333,35.05552806
59154696372,1016,30.09519333,23.55789258
59213187947,1016,30.09519333,31.37447863
59244208190,1016,30.09519333,49.60578596
59275219257,1016,30.09519333,31.16436011
56175196937,1098,31.85128761,15.08667238
58934192442,1098,31.85128761,26.21278535
58968570915,1098,31.85128761,26.88739009
58996183638,1098,31.85128761,17.3085829
59027180228,1098,31.85128761,27.25467619
59027191698,1098,31.85128761,18.37880977
59089179732,1098,31.85128761,27.25535876
59089190148,1098,31.85128761,27.69876296
59123642587,1098,31.85128761,27.84395833
59123661838,1098,31.85128761,29.15363413
59154682019,1098,31.85128761,27.96245535
59154697457,1098,31.85128761,33.05667433
59185625351,1098,31.85128761,38.60484541
59213189745,1098,31.85128761,34.94497413
59244209244,1098,31.85128761,31.12091875
59244220466,1098,31.85128761,32.00500893
59247813335,1098,31.85128761,15.63772377
59275228867,1098,31.85128761,34.77986985
56175201215,1058,33.74793584,26.18479191
58937627459,1058,33.74793584,21.84375152
58996181964,1058,33.74793584,17.25596889
58996185777,1058,33.74793584,37.47928806
59092588802,1058,33.74793584,27.55779386
59092593948,1058,33.74793584,37.31165727
59182193031,1058,33.74793584,13.48949128
59213189807,1058,33.74793584,45.6412889
59216683724,1058,33.74793584,31.22920515
59275217180,1058,33.74793584,20.72681231
56175204811,1013,34.8266861,34.37650154
59030600272,1013,34.8266861,26.81093449
59089179949,1013,34.8266861,26.61345963
59182189280,1013,34.8266861,31.76716119
59182190396,1013,34.8266861,35.13958995
59185616361,1013,34.8266861,37.27491507
59185633876,1013,34.8266861,25.69754574
59213186955,1013,34.8266861,28.46549527
59213195139,1013,34.8266861,42.92602869
59244208097,1013,34.8266861,31.25203775
59244220528,1013,34.8266861,35.85969452
59244221892,1013,34.8266861,27.99783146
59247799013,1013,34.8266861,20.11556317
56175205059,1054,29.72725436,31.82950049
58934195139,1054,29.72725436,26.35124062
58968591871,1054,29.72725436,30.85374645
58996180879,1054,29.72725436,26.01752559
59027183886,1054,29.72725436,40.10171052
59058191078,1054,29.72725436,25.13636394
59089184754,1054,29.72725436,23.63966014
59151189466,1054,29.72725436,27.69081075
59182184816,1054,29.72725436,28.33089887
59182191233,1054,29.72725436,30.02503674
59247826231,1054,29.72725436,33.9909125
56175205834,1087,17.76626915,26.21269597
58934191171,1087,17.76626915,26.30549355
58965182119,1087,17.76626915,24.41203574
58996189776,1087,17.76626915,29.61284631
59027182708,1087,17.76626915,18.02815303
59027191667,1087,17.76626915,26.81029557
59058187885,1087,17.76626915,32.27106498
59089179236,1087,17.76626915,26.96027966
59089188071,1087,17.76626915,15.39799355
59120187141,1087,17.76626915,8.62016556
59151197495,1087,17.76626915,24.9303959
59154693179,1087,17.76626915,31.6968467
59182187110,1087,17.76626915,30.22815421
59244223132,1087,17.76626915,29.75138445
56175206516,1032,23.11213869,27.77451413
59089178461,1032,23.11213869,24.80114198
56178384388,1057,34.13228648,31.88404036
58968573798,1057,34.13228648,39.87029993
58996182398,1057,34.13228648,31.95425783
58996183018,1057,34.13228648,33.14034206
58999637627,1057,34.13228648,39.52810424
59089182832,1057,34.13228648,37.50821455
59089188133,1057,34.13228648,36.48075726
59092601481,1057,34.13228648,31.56423954
59151185219,1057,34.13228648,40.23933406
59154695287,1057,34.13228648,36.77662023
59182189714,1057,34.13228648,34.3897267
59182206361,1057,34.13228648,39.62548528
59216664752,1057,34.13228648,40.76926275
59216667697,1057,34.13228648,27.65403088
59216683197,1057,34.13228648,26.05253215
56178386155,1074,30.05806788,29.50445538
59027183142,1074,30.05806788,23.93373072
59058190210,1074,30.05806788,33.03625158
59182310924,1074,30.05806788,32.20236487
59216670425,1074,30.05806788,34.17971747
59275224527,1074,30.05806788,40.79924367
59278789682,1074,30.05806788,38.98025644
56178388294,1018,31.36515119,28.64764679
58937633597,1018,31.36515119,14.55753419
59027183111,1018,31.36515119,29.39710898
59030593669,1018,31.36515119,32.32864028
59030605728,1018,31.36515119,37.79309395
59058191264,1018,31.36515119,35.61154375
59058194612,1018,31.36515119,37.81936051
59120184351,1018,31.36515119,34.46127808
59120187265,1018,31.36515119,37.94863277
59182188381,1018,31.36515119,34.09250425
59185631117,1018,31.36515119,38.68458205
59185632140,1018,31.36515119,22.5426531
59213190675,1018,31.36515119,31.33692325
59213195387,1018,31.36515119,34.75157979
59244223039,1018,31.36515119,33.50600651
59278783730,1018,31.36515119,37.79098692
59278791976,1018,31.36515119,31.71550991
56178392324,1012,35.61413514,30.31408215
59089190458,1012,35.61413514,28.75994815
59185616423,1012,35.61413514,38.36716161
59247797184,1012,35.61413514,32.24130005
59247829269,1012,35.61413514,28.41884826
58934182956,1079,33.90023542,27.87635128
58934194922,1079,33.90023542,34.39723008
58996187172,1079,33.90023542,15.99711793
59058194550,1079,33.90023542,30.45687933
59058194736,1079,33.90023542,31.0761027
59092611215,1079,33.90023542,26.10417863
59120189311,1079,33.90023542,31.48337249
59154701611,1079,33.90023542,31.9577998
59182187823,1079,33.90023542,31.05197382
59244219629,1079,33.90023542,24.35628845
59244223287,1079,33.90023542,35.63093859
59247811785,1079,33.90023542,25.22592803
59247822170,1079,33.90023542,22.20442804
58934183266,1071,26.10105385,18.77341067
59058189094,1071,26.10105385,39.09221151
59058193620,1071,26.10105385,17.99186766
59061612672,1071,26.10105385,31.26346454
59123653189,1071,26.10105385,34.46911558
59151191884,1071,26.10105385,24.20157666
59185635023,1071,26.10105385,39.66101165
59244209182,1071,26.10105385,26.28825173
59244217738,1071,26.10105385,33.83342423
59244224062,1071,26.10105385,16.94407543
58934183359,1094,23.30042864,26.30907009
58934192845,1094,23.30042864,22.23515695
58968593266,1094,23.30042864,26.94331589
59151194767,1094,23.30042864,20.04753437
59182191109,1094,23.30042864,27.92320645
59182195046,1094,23.30042864,31.27645319
59213189900,1094,23.30042864,23.65755034
59247828122,1094,23.30042864,20.61288492
58934183607,1077,30.93887917,25.40305931
58996189993,1077,30.93887917,23.38831789
59027179391,1077,30.93887917,21.37396914
59058190551,1077,30.93887917,26.44625966
59182187668,1077,30.93887917,19.4926795
58934184227,1056,36.14041156,23.9846352
58934188970,1056,36.14041156,38.91639515
58965175082,1056,36.14041156,32.59135415
59027179980,1056,36.14041156,31.21662233
59089189404,1056,36.14041156,34.95275707
59151189993,1056,36.14041156,30.60982852
59151196875,1056,36.14041156,28.69205293
59154687475,1056,36.14041156,44.34159964
59213190985,1056,36.14041156,36.28231772
59213192504,1056,36.14041156,41.4943252
59244208035,1056,36.14041156,43.23304801
59244215754,1056,36.14041156,30.08332774
59244222016,1056,36.14041156,27.0616166
58934184878,1083,25.94351931,22.85114793
58999635271,1083,25.94351931,29.72512967
59123660598,1083,25.94351931,30.88697374
59123666798,1083,25.94351931,24.37076816
59151188226,1083,25.94351931,28.78160723
59151189094,1083,25.94351931,32.20387709
59185629784,1083,25.94351931,23.7707662
59216678919,1083,25.94351931,39.0700153
58934185963,1095,34.31355956,35.65129817
58937630311,1095,34.31355956,33.28261402
58996186242,1095,34.31355956,34.33001668
59120193806,1095,34.31355956,16.30496574
59123654398,1095,34.31355956,25.73623362
59216661249,1095,34.31355956,23.59410661
59247818760,1095,34.31355956,31.95304938
58934186118,1075,27.21630391,16.7221126
58996183173,1075,27.21630391,20.7672943
59027183638,1075,27.21630391,30.64824631
59061613199,1075,27.21630391,29.36427108
59089187327,1075,27.21630391,35.72281402
59120182305,1075,27.21630391,25.20126169
59151192628,1075,27.21630391,21.30316417
59182187513,1075,27.21630391,25.22780417
59182191946,1075,27.21630391,21.05570197
59244219412,1075,27.21630391,40.13049855
58934186738,1102,26.41888078,15.18854339
58965177097,1102,26.41888078,53.75297719
58934189280,1019,33.35599031,35.80017384
58937619089,1019,33.35599031,30.88728884
58937634217,1019,33.35599031,40.25547441
58999625816,1019,33.35599031,32.97503268
58999652290,1019,33.35599031,27.87886575
59030601543,1019,33.35599031,27.8175964
59089188102,1019,33.35599031,29.96322027
59092603806,1019,33.35599031,22.33349125
59123659575,1019,33.35599031,37.3743581
59151191605,1019,33.35599031,17.58496333
59151192411,1019,33.35599031,28.99636354
59182188722,1019,33.35599031,34.58102424
59213187203,1019,33.35599031,33.1115816
59275217707,1019,33.35599031,25.9714655
59275226325,1019,33.35599031,38.55712421
58934189869,1025,24.12998177,33.56214001
59058186397,1025,24.12998177,27.58712273
59092598226,1025,24.12998177,26.40800363
59120192752,1025,24.12998177,26.53628186
59213189156,1025,24.12998177,25.17509527
58934191698,1072,29.47638734,17.92413964
59027180724,1072,29.47638734,29.82205668
59058187017,1072,29.47638734,22.18622976
59123659451,1072,29.47638734,22.65602903
59151194302,1072,29.47638734,30.57799513
59151194612,1072,29.47638734,17.59733624
59182195542,1072,29.47638734,30.86509595
59185625692,1072,29.47638734,36.24896944
59213189218,1072,29.47638734,39.10006413
59213193775,1072,29.47638734,18.65138028
59247805616,1072,29.47638734,19.21562157
58934192163,1066,27.24088671,22.69096661
59089178368,1066,27.24088671,20.26195448
59120189125,1066,27.24088671,33.05877806
59120192163,1066,27.24088671,23.43223817
59151184692,1066,27.24088671,28.0074814
59154696589,1066,27.24088671,26.09490867
58934194984,1076,35.39856929,25.08957205
59027187885,1076,35.39856929,32.77911968
59061637596,1076,35.39856929,29.81942135
59151188722,1076,35.39856929,34.58479865
59182194364,1076,35.39856929,27.96174609
58937619740,1065,21.83494777,28.34544926
58999635922,1065,21.83494777,34.3206582
59151187637,1065,21.83494777,23.82641699
58937620360,1063,29.94212808,41.25936859
58968581331,1063,29.94212808,27.07627849
58999632791,1063,29.94212808,28.25388444
59027186459,1063,29.94212808,26.28412312
59151184165,1063,29.94212808,38.006962
59185624607,1063,29.94212808,32.69879481
59244215413,1063,29.94212808,28.61935033
58937623212,1055,36.2696021,39.38557375
58996189683,1055,36.2696021,39.95923479
58999643982,1055,36.2696021,24.13480909
59030600954,1055,36.2696021,30.65922693
59058187110,1055,36.2696021,42.82643297
59058187327,1055,36.2696021,30.67008246
59092590414,1055,36.2696021,31.63196938
59092601016,1055,36.2696021,38.06797196
59120184723,1055,36.2696021,33.07000144
59154696961,1055,36.2696021,38.47530789
59216682236,1055,36.2696021,34.36257587
59247826386,1055,36.2696021,35.78544529
58937626684,1051,29.94803067,30.35837231
58937636511,1051,29.94803067,21.89981141
58996180662,1051,29.94803067,28.48130965
58996181499,1051,29.94803067,35.1144918
59027188288,1051,29.94803067,26.92885258
59058190086,1051,29.94803067,33.46075274
59061621104,1051,29.94803067,45.76283267
59092593483,1051,29.94803067,30.45272681
59120192969,1051,29.94803067,35.79040189
59123644509,1051,29.94803067,31.56444625
59123665031,1051,29.94803067,37.23331806
59151196348,1051,29.94803067,30.35472402
59216660536,1051,29.94803067,28.67529916
58965172974,1034,23.16527192,27.46908539
59030597482,1034,23.16527192,23.51633948
58965177624,1064,24.72436056,6.065717574
59089184971,1064,24.72436056,32.40372717
59120186800,1064,24.72436056,19.52400615
59182195759,1064,24.72436056,21.77879124
58965179019,1023,21.47909954,24.96614375
58996190892,1023,21.47909954,28.04675761
58996192690,1023,21.47909954,23.86538475
59058191047,1023,21.47909954,21.66233682
59120186521,1023,21.47909954,24.80511263
58965179112,1096,35.41038081,31.04651945
59027188040,1096,35.41038081,33.05418828
59120185932,1096,35.41038081,35.08157467
59123662830,1096,35.41038081,12.47699792
59154678299,1096,35.41038081,38.94947563
59154678857,1096,35.41038081,37.33584772
59213191884,1096,35.41038081,30.72893779
59247822356,1096,35.41038081,32.24977043
58965183483,1017,27.426008,35.84242079
59027183204,1017,27.426008,21.85592377
59182189404,1017,27.426008,24.18315742
59247817613,1017,27.426008,25.17789578
58968543790,1069,21.12580737,30.13667125
58999646865,1069,21.12580737,30.36050632
59027186831,1069,21.12580737,31.63523104
59058190768,1069,21.12580737,21.24746935
59123659947,1069,21.12580737,26.81565599
59151187730,1069,21.12580737,25.85764231
59151193930,1069,21.12580737,20.25749411
59154695969,1069,21.12580737,26.56185601
59213188815,1069,21.12580737,36.15348171
59275219195,1069,21.12580737,21.35665256
58968574635,1024,22.61716225,22.17979053
58996179825,1024,22.61716225,26.01133387
58996183576,1024,22.61716225,20.29839453
59061618996,1024,22.61716225,26.95019158
58968579719,1067,26.9174433,21.27637096
59182190210,1067,26.9174433,31.1356803
58968583160,1078,32.23307736,36.42031655
58996183514,1078,32.23307736,32.5552315
58996183731,1078,32.23307736,28.52121078
58996187389,1078,32.23307736,31.87278941
59027183669,1078,32.23307736,32.23394465
59058186769,1078,32.23307736,38.20668398
59058188257,1078,32.23307736,17.72419391
59058189652,1078,32.23307736,35.55503917
59061611742,1078,32.23307736,38.9960527
59061615989,1078,32.23307736,25.79172526
59120184599,1078,32.23307736,27.27159379
59275220311,1078,32.23307736,34.84148973
58968584462,1091,32.4946677,20.92623409
58996184754,1091,32.4946677,29.95391218
58999652352,1091,32.4946677,39.58402823
59027182181,1091,32.4946677,17.37524863
59027183545,1091,32.4946677,36.75203623
59027184940,1091,32.4946677,37.50542595
59030599838,1091,32.4946677,27.91805101
59061615958,1091,32.4946677,17.41418423
59151185405,1091,32.4946677,36.051585
59151193000,1091,32.4946677,31.241939
59151193403,1091,32.4946677,21.69744699
59213190520,1091,32.4946677,41.79168308
59213193000,1091,32.4946677,39.93427892
59244209213,1091,32.4946677,29.44105373
59244212251,1091,32.4946677,40.54260152
59244222419,1091,32.4946677,24.93407654
59247803353,1091,32.4946677,25.17353076
59247804252,1091,32.4946677,23.84864527
58968588895,1031,25.86250533,30.364337
59027184475,1031,25.86250533,21.4470794
59027187978,1031,25.86250533,22.13871342
59089189683,1031,25.86250533,28.56570678
59213185715,1031,25.86250533,26.38880959
59275220962,1031,25.86250533,29.56202163
58968589236,1073,29.9305428,25.0170266
58999650058,1073,29.9305428,29.53257537
59030601016,1073,29.9305428,35.10219268
59089190706,1073,29.9305428,26.10634215
59120188164,1073,29.9305428,30.25317985
59151184196,1073,29.9305428,18.54805051
59154700061,1073,29.9305428,27.81776229
59185640510,1073,29.9305428,24.23021702
59213187699,1073,29.9305428,33.97979858
59244215506,1073,29.9305428,33.75259592
59244224403,1073,29.9305428,35.4564947
58968591902,1092,25.32007672,26.89291149
59092605480,1092,25.32007672,35.14254786
59120183576,1092,25.32007672,39.42051671
59123644199,1092,25.32007672,26.28987894
59244211941,1092,25.32007672,24.73925508
59275214917,1092,25.32007672,38.58909064
58996182243,1093,23.06512385,31.3990334
59120183607,1093,23.06512385,32.13848719
59151188505,1093,23.06512385,22.45389986
59213187017,1093,23.06512385,22.88391102
59213194271,1093,23.06512385,31.70215085
59213196627,1093,23.06512385,20.75234964
59216666023,1093,23.06512385,17.15587214
59244211755,1093,23.06512385,23.14796098
58996184413,1068,21.37071734,28.25453156
59061618531,1068,21.37071734,30.0391381
59151192566,1068,21.37071734,22.21512485
58996185250,1033,25.78639443,33.02805363
59092609975,1033,25.78639443,29.75233838
59123668038,1033,25.78639443,28.57981544
59151192039,1033,25.78639443,25.39173711
59185616330,1033,25.78639443,26.96570386
59244208500,1033,25.78639443,24.70179306
59275216932,1033,25.78639443,34.97904366
58996191760,1097,29.82096913,30.96068391
58996192287,1097,29.82096913,31.52498299
58999637503,1097,29.82096913,32.24203463
59061620174,1097,29.82096913,31.32864835
59151193961,1097,29.82096913,29.06140606
59151196069,1097,29.82096913,20.56354218
59151211476,1097,29.82096913,30.55956729
59154697209,1097,29.82096913,27.99656507
59182185219,1097,29.82096913,30.17601445
59213190086,1097,29.82096913,32.70104408
59216671324,1097,29.82096913,26.01608063
59244211476,1097,29.82096913,30.36825056
59247832090,1097,29.82096913,27.93287131
58999626033,1062,36.50650769,35.8452668
58999636139,1062,36.50650769,22.68266758
59061620639,1062,36.50650769,29.33771655
59151197278,1062,36.50650769,31.68882875
59182185467,1062,36.50650769,34.54617182
59275216281,1062,36.50650769,28.82381287
59027182925,1015,29.54187511,30.71411217
59027186924,1015,29.54187511,31.06960459
59058191791,1015,29.54187511,24.104417
59089189466,1015,29.54187511,36.10073746
59151189900,1015,29.54187511,40.14857331
59182195976,1015,29.54187511,35.98547881
59185632016,1015,29.54187511,30.27087204
59185633349,1015,29.54187511,29.62628208
59244220962,1015,29.54187511,39.32181764
59247807972,1015,29.54187511,30.44640001
59247808933,1015,29.54187511,39.40329347
59027184537,1022,28.24579227,26.29544154
59027189280,1082,22.2701979,21.7508166
59058188629,1082,22.2701979,28.97689405
59244214669,1082,22.2701979,21.10390554
59247830540,1082,22.2701979,21.29571856
59030594568,1035,38.21273279,34.0399546
59092603527,1035,38.21273279,32.44377855
59185617787,1035,38.21273279,24.97492365
59244209492,1035,38.21273279,30.03332494
59058189373,1059,32.41700536,28.89770753
59095729505,1059,32.41700536,19.92922144
59182187575,1059,32.41700536,9.098576361
59275222915,1059,32.41700536,54.56953359
59089180631,1086,21.36962952,24.14354947
59089184320,1108,36.95544425,34.48460252
59092595374,1107,17.91218996,26.8340087
59275226511,1107,17.91218996,29.59235951
59151189032,1043,35.57951307,30.769492
59154682453,1104,26.34232467,29.55130231
59182185095,1104,26.34232467,24.24939318
59275227503,1104,26.34232467,32.38332825
59213190923,1081,27.31671948,34.8557199
59213193713,1081,27.31671948,22.51575321
59244207446,1081,27.31671948,28.86059965
56175195046,1018,31.36515119,34.61872183
56175195046,1018,31.36515119,34.61872183
56175195046,1018,31.36515119,34.61872183
59120184351,1018,31.36515119,27.53364151
59120184351,1018,31.36515119,27.53364151
58934182398,1054,29.72725436,31.07073323
58996187017,1054,29.72725436,29.97964252
58996187017,1054,29.72725436,29.97964252
59058194271,1054,29.72725436,42.99318428
59120193651,1054,29.72725436,26.41237406
59120193651,1054,29.72725436,26.41237406
58934183452,1094,23.30042864,24.1573681
58965174493,1094,23.30042864,22.67114749
58965174493,1094,23.30042864,22.67114749
59058182832,1094,23.30042864,29.26107205
59058182832,1094,23.30042864,29.26107205
59058195201,1094,23.30042864,22.92633925
59058195201,1094,23.30042864,22.92633925
59092608735,1094,23.30042864,25.05352223
59216674703,1094,23.30042864,22.59022082
59216674703,1094,23.30042864,22.59022082
58934187358,1052,33.45132983,28.66207324
58934187358,1052,33.45132983,28.66207324
59030592987,1052,33.45132983,32.10554652
59030592987,1052,33.45132983,32.10554652
59120182429,1052,33.45132983,30.08847533
59120182429,1052,33.45132983,30.08847533
59123645966,1052,33.45132983,30.9896607
59244216467,1052,33.45132983,26.22733617
58934189373,1015,29.54187511,29.12152241
58934189373,1015,29.54187511,29.12152241
58934189466,1015,29.54187511,29.74787803
58968581765,1015,29.54187511,33.28623665
58968581765,1015,29.54187511,33.28623665
58968593452,1015,29.54187511,36.34797427
58968593452,1015,29.54187511,36.34797427
58996189342,1015,29.54187511,16.09410863
59058185932,1015,29.54187511,25.486804
59058185932,1015,29.54187511,25.486804
59089189466,1015,29.54187511,29.71720671
59089189466,1015,29.54187511,29.71720671
59092602349,1015,29.54187511,37.43523994
59092602349,1015,29.54187511,37.43523994
59092602349,1015,29.54187511,37.43523994
59151188908,1015,29.54187511,29.14184732
59151188908,1015,29.54187511,29.14184732
59182195976,1015,29.54187511,22.5145913
59244209709,1015,29.54187511,29.55338141
59244209709,1015,29.54187511,29.55338141
59244209709,1015,29.54187511,29.55338141
59244209709,1015,29.54187511,29.55338141
59244209709,1015,29.54187511,29.55338141
59244209709,1015,29.54187511,29.55338141
58934190365,1078,32.23307736,31.73288791
58934190365,1078,32.23307736,31.73288791
58965177593,1078,32.23307736,22.22029043
58965177593,1078,32.23307736,22.22029043
58965177593,1078,32.23307736,22.22029043
58934190644,1066,27.24088671,25.82634419
58934190644,1066,27.24088671,25.82634419
59151192132,1066,27.24088671,25.99268511
58934191512,1107,17.91218996,27.38656611
58934191512,1107,17.91218996,27.38656611
59244213181,1107,17.91218996,22.81672667
59244213181,1107,17.91218996,22.81672667
58934194984,1076,35.39856929,27.98565624
58934194984,1076,35.39856929,27.98565624
58996184630,1076,35.39856929,38.80317938
58996184630,1076,35.39856929,38.80317938
59120191078,1076,35.39856929,16.0437269
59120191078,1076,35.39856929,16.0437269
59154682732,1076,35.39856929,27.93399818
59154682732,1076,35.39856929,27.93399818
58934195077,1031,25.86250533,31.14612924
58934195077,1031,25.86250533,31.14612924
58934195759,1093,23.06512385,25.57573776
58934195759,1093,23.06512385,25.57573776
58999646896,1093,23.06512385,27.99224296
59123667945,1093,23.06512385,23.16532603
59123667945,1093,23.06512385,23.16532603
59213184320,1093,23.06512385,24.44522838
59213184320,1093,23.06512385,24.44522838
58937611401,1063,29.94212808,29.48259226
58999632791,1063,29.94212808,24.74094501
58999632791,1063,29.94212808,24.74094501
58999632791,1063,29.94212808,24.74094501
59061624390,1063,29.94212808,30.22044184
58937613633,1056,36.14041156,30.35800799
58937613633,1056,36.14041156,30.35800799
59089178244,1056,36.14041156,42.48733522
59089189404,1056,36.14041156,34.50570061
59151189993,1056,36.14041156,33.39977259
59151189993,1056,36.14041156,33.39977259
59151189993,1056,36.14041156,33.39977259
59244207260,1056,36.14041156,44.27487039
59244207260,1056,36.14041156,44.27487039
59278813614,1056,36.14041156,28.31736485
58937618624,1033,25.78639443,38.00502848
58937618624,1033,25.78639443,38.00502848
59061634310,1033,25.78639443,29.99788353
58937624173,1075,27.21630391,41.13991824
58937624173,1075,27.21630391,41.13991824
58937624173,1075,27.21630391,41.13991824
59027183638,1075,27.21630391,25.9073287
59027183638,1075,27.21630391,25.9073287
59027183638,1075,27.21630391,25.9073287
59027183638,1075,27.21630391,25.9073287
59027183638,1075,27.21630391,25.9073287
59213191729,1075,27.21630391,21.5631507
58937630466,1034,23.16527192,28.44135528
58937630466,1034,23.16527192,28.44135528
58937633473,1096,35.41038081,32.05666102
58937633473,1096,35.41038081,32.05666102
58937633473,1096,35.41038081,32.05666102
58937633473,1096,35.41038081,32.05666102
58965175516,1064,24.72436056,26.45830247
58965175516,1064,24.72436056,26.45830247
59151194116,1064,24.72436056,27.57219432
59151194116,1064,24.72436056,27.57219432
58965178709,1073,29.9305428,38.06471443
58965178709,1073,29.9305428,38.06471443
58965178709,1073,29.9305428,38.06471443
58965178709,1073,29.9305428,38.06471443
58999650058,1073,29.9305428,18.75537063
59120187296,1073,29.9305428,29.64549866
59120187296,1073,29.9305428,29.64549866
59120187296,1073,29.9305428,29.64549866
59213187699,1073,29.9305428,36.52631959
59213187699,1073,29.9305428,36.52631959
59213189714,1073,29.9305428,20.25113513
59213189714,1073,29.9305428,20.25113513
59278788814,1073,29.9305428,44.00966242
59278788814,1073,29.9305428,44.00966242
58965184010,1024,22.61716225,24.94591918
58968574635,1024,22.61716225,21.29467249
58996179825,1024,22.61716225,26.41994192
58996179825,1024,22.61716225,26.41994192
58965184444,1058,33.74793584,46.20480788
58965184444,1058,33.74793584,46.20480788
58996191078,1058,33.74793584,35.82976528
58996191078,1058,33.74793584,35.82976528
59030616082,1058,33.74793584,49.86033897
59030616082,1058,33.74793584,49.86033897
59247795417,1058,33.74793584,23.65774521
58965184537,1065,21.83494777,21.58749618
59244213646,1065,21.83494777,28.70726145
58968572744,1071,26.10105385,28.67898467
58968572744,1071,26.10105385,28.67898467
58968572744,1071,26.10105385,28.67898467
58968572744,1071,26.10105385,28.67898467
59182191481,1071,26.10105385,31.03982577
59182191481,1071,26.10105385,31.03982577
59185635023,1071,26.10105385,26.30704928
59185635023,1071,26.10105385,26.30704928
59275211910,1071,26.10105385,22.68021983
58968583067,1067,26.9174433,47.31887938
59027181561,1067,26.9174433,22.13737623
59027181561,1067,26.9174433,22.13737623
58996182305,1062,36.50650769,36.06458476
59030599094,1062,36.50650769,32.64780383
59058195387,1062,36.50650769,35.02194764
59058195387,1062,36.50650769,35.02194764
59154683693,1062,36.50650769,31.45148952
59154683693,1062,36.50650769,31.45148952
59182185467,1062,36.50650769,32.56956176
59182185467,1062,36.50650769,32.56956176
59275216281,1062,36.50650769,33.16692836
59275216281,1062,36.50650769,33.16692836
58996184227,1025,24.12998177,30.16105462
58996185157,1104,26.34232467,18.07967579
59061620329,1104,26.34232467,37.51515551
59061620329,1104,26.34232467,37.51515551
58996186552,1098,31.85128761,32.03394357
58996186552,1098,31.85128761,32.03394357
59089178740,1098,31.85128761,28.52410009
59216672378,1098,31.85128761,25.7677937
58996186707,1016,30.09519333,27.97050543
58999629226,1016,30.09519333,37.18210196
58999629226,1016,30.09519333,37.18210196
59061613137,1016,30.09519333,23.3595249
59061613137,1016,30.09519333,23.3595249
59061613137,1016,30.09519333,23.3595249
59123664442,1016,30.09519333,35.85817646
59123664442,1016,30.09519333,35.85817646
59151183669,1016,30.09519333,26.61980143
59213187947,1016,30.09519333,35.68346309
59213187947,1016,30.09519333,35.68346309
59244213956,1016,30.09519333,35.0385404
59244213956,1016,30.09519333,35.0385404
59278789434,1016,30.09519333,28.96769949
58996187172,1079,33.90023542,43.81829617
59027186521,1079,33.90023542,33.46625439
59278795913,1079,33.90023542,43.37374331
58996192814,1072,29.47638734,30.93473913
58996192814,1072,29.47638734,30.93473913
59182195542,1072,29.47638734,19.46181804
58999626219,1069,21.12580737,20.65196948
59089180197,1069,21.12580737,19.53390691
59089180197,1069,21.12580737,19.53390691
59092597296,1069,21.12580737,18.1353198
59244210050,1069,21.12580737,18.97320005
58999633628,1053,32.62076301,30.24576862
59027185808,1053,32.62076301,21.38015937
59058189249,1053,32.62076301,34.98539145
59058189249,1053,32.62076301,34.98539145
59089180011,1053,32.62076301,36.20006319
59216657157,1053,32.62076301,21.11052385
59244218234,1053,32.62076301,26.24300287
59027179391,1077,30.93887917,25.72518311
59182193775,1077,30.93887917,33.6019798
59182193775,1077,30.93887917,33.6019798
59027184940,1091,32.4946677,30.92308006
59027184940,1091,32.4946677,30.92308006
59030604922,1091,32.4946677,22.00243514
59151185405,1091,32.4946677,26.27806853
59030600892,1103,28.27148116,28.61325189
59120186056,1103,28.27148116,27.16439806
59120186056,1103,28.27148116,27.16439806
59030615152,1057,34.13228648,31.39056566
59030615152,1057,34.13228648,31.39056566
59030615152,1057,34.13228648,31.39056566
59030615152,1057,34.13228648,31.39056566
59151197030,1057,34.13228648,29.69851148
59151197030,1057,34.13228648,29.69851148
59154701146,1057,34.13228648,33.67453847
59154701146,1057,34.13228648,33.67453847
59058183204,1087,17.76626915,23.09423392
59216676594,1087,17.76626915,19.78940057
59058183824,1021,28.06876655,28.06308473
59058183824,1021,28.06876655,28.06308473
59154693210,1021,28.06876655,25.0911755
59058187327,1055,36.2696021,44.68845504
59058187327,1055,36.2696021,44.68845504
59120190830,1055,36.2696021,42.60368276
59216676191,1055,36.2696021,28.46915112
59216676191,1055,36.2696021,28.46915112
59058194643,1017,27.426008,33.73087564
59151187048,1017,27.426008,31.56618178
59182189404,1017,27.426008,20.96165125
59185616857,1017,27.426008,31.82191224
59185616857,1017,27.426008,31.82191224
59247804128,1017,27.426008,27.66606764
59247804128,1017,27.426008,27.66606764
59061618531,1068,21.37071734,18.90394538
59061618531,1068,21.37071734,18.90394538
59061627118,1035,38.21273279,30.80333307
59061629412,1011,38.19896302,39.72479806
59092610316,1011,38.19896302,40.83473441
59151190458,1011,38.19896302,29.73401288
59278807879,1011,38.19896302,36.6439393
59278807879,1011,38.19896302,36.6439393
59061630559,1092,25.32007672,24.84368971
59061630559,1092,25.32007672,24.84368971
59089180631,1086,21.36962952,38.64177255
59089180631,1086,21.36962952,38.64177255
59089182894,1086,21.36962952,18.21420429
59089182894,1086,21.36962952,18.21420429
59089181034,1059,32.41700536,22.35375261
59092607929,1108,36.95544425,19.32550452
59123650368,1061,36.14419401,32.72234307
59123650368,1061,36.14419401,32.72234307
59182185963,1061,36.14419401,34.98759922
59182185963,1061,36.14419401,34.98759922
59185634403,1061,36.14419401,35.01100131
59185634403,1061,36.14419401,35.01100131
59185634403,1061,36.14419401,35.01100131
59247823007,1061,36.14419401,40.71904673
59151188226,1083,25.94351931,26.87336475
59151188226,1083,25.94351931,26.87336475
59154694512,1083,25.94351931,24.74815944
59182196162,1012,35.61413514,36.69759891
59182196162,1012,35.61413514,36.69759891
59213187203,1019,33.35599031,32.50772367
59213187203,1019,33.35599031,32.50772367
59213191481,1036,17.98373927,16.42637636
59216660536,1051,29.94803067,26.3498507
59216662706,1102,26.41888078,36.35035061
59216670425,1074,30.05806788,28.76556071
59216670425,1074,30.05806788,28.76556071
59244209771,1074,30.05806788,29.25703544
59244209771,1074,30.05806788,29.25703544
59247828556,1074,30.05806788,36.61291184
59275218637,1074,30.05806788,38.48548809
59275218637,1074,30.05806788,38.48548809
59275224527,1074,30.05806788,30.80264847
59275224527,1074,30.05806788,30.80264847
59244211476,1097,29.82096913,30.43994267
59244211476,1097,29.82096913,30.43994267
59244211476,1097,29.82096913,30.43994267
59244211476,1097,29.82096913,30.43994267
59244217831,1013,34.8266861,34.20084701
59244220218,1013,34.8266861,35.78580746
59244220218,1013,34.8266861,35.78580746
59275223628,1014,37.23669863,34.40531343
59275223628,1014,37.23669863,34.40531343
