OPID,WoPC,current_no2_x,Average_NO2,current_no2_y
59058172943,3572,28.31036833,45.9200025,28.31036833
59216346320,3453,30.5403825,38.32097417,30.5403825
59154349668,3553,32.29464,45.6650425,32.29464
59216354318,3564,55.37329779,40.89195667,33.12759764
59216354318,3564,10.8818975,40.89195667,33.12759764
58965165131,3523,33.82819333,48.08086417,33.82819333
59151175733,3531,33.82819333,48.0142775,33.82819333
58965164604,3524,35.05566,43.83816417,35.05566
59275196286,3452,31.19849388,40.16425833,35.27303244
59275196286,3452,39.34757099,40.16425833,35.27303244
58996170587,3452,35.72235303,40.16425833,35.72235303
59154349513,3544,36.13175404,44.815645,36.13175404
59154352024,3454,36.16869796,40.33584,36.16869796
59182172695,3455,40.43991367,31.7410375,36.56522985
59182172695,3455,32.69054603,31.7410375,36.56522985
58968321551,3453,36.72116367,38.32097417,36.72116367
58934171362,3543,37.26117693,42.59304,37.26117693
59154352396,3571,50.72285283,45.43473,37.35365641
59154352396,3571,23.98446,45.43473,37.35365641
59027166340,3454,35.60082165,40.33584,37.44473251
59027166340,3454,39.28864338,40.33584,37.44473251
58965161814,3521,48.07377024,55.029855,37.65413012
58965161814,3521,27.23449,55.029855,37.65413012
59120172602,3523,37.6908375,48.08086417,37.6908375
59278397935,3524,37.6908375,43.83816417,37.6908375
59089169409,3454,37.79446282,40.33584,37.79446282
59213171765,3454,37.8148747,40.33584,37.8148747
59275198394,3524,43.94907738,43.83816417,37.86906248
59275198394,3524,39.33189915,43.83816417,37.86906248
59275198394,3524,40.92976005,43.83816417,37.86906248
59275198394,3524,27.26551333,43.83816417,37.86906248
59154354752,3552,37.9748625,47.74365833,37.9748625
56178354349,3531,38.141175,48.0142775,38.141175
59030328898,3527,38.141175,47.73482,38.141175
59061339283,3544,40.60637521,44.815645,38.21509635
59061339283,3544,35.8238175,44.815645,38.21509635
58965164914,3544,38.33846552,44.815645,38.33846552
59182174276,3453,40.25992022,38.32097417,38.35878806
59182174276,3453,36.4576559,38.32097417,38.35878806
59058171610,3584,38.63449025,41.01686,38.4085741
59058171610,3584,38.18265796,41.01686,38.4085741
59244191481,3541,38.42174917,44.18824333,38.42174917
59058173160,3454,38.44964671,40.33584,38.44964671
59120172881,3452,36.35189138,40.16425833,38.57208173
59120172881,3452,36.695822,40.16425833,38.57208173
59120172881,3452,42.33126689,40.16425833,38.57208173
59120172881,3452,38.90934667,40.16425833,38.57208173
59089166526,3552,35.09825874,47.74365833,38.61520113
59089166526,3552,42.13214352,47.74365833,38.61520113
59244190551,3452,37.51200965,40.16425833,38.75404818
59244190551,3452,39.99608672,40.16425833,38.75404818
59154355403,3544,38.88460941,44.815645,38.88460941
59092326418,3581,50.21041274,45.78175167,38.94063583
59092326418,3581,37.52886368,45.78175167,38.94063583
59092326418,3581,43.77621191,45.78175167,38.94063583
59092326418,3581,24.247055,45.78175167,38.94063583
59154355000,3572,38.94413524,45.9200025,38.94413524
59123341949,3523,42.43678388,48.08086417,38.97915034
59123341949,3523,49.12952215,48.08086417,38.97915034
59123341949,3523,25.371145,48.08086417,38.97915034
59027171145,3573,36.41719006,40.97689417,39.0185172
59027171145,3573,41.1712246,40.97689417,39.0185172
59027171145,3573,39.46713695,40.97689417,39.0185172
58968323814,3533,39.1194525,47.4578575,39.1194525
59120350449,3544,38.36401414,44.815645,39.11963045
59120350449,3544,39.87524675,44.815645,39.11963045
59058172974,3543,40.56541061,42.59304,39.1486303
59058172974,3543,37.73185,42.59304,39.1486303
59154350443,3452,39.20970368,40.16425833,39.20970368
59030327720,3454,40.7422598,40.33584,39.24421708
59030327720,3454,37.74617437,40.33584,39.24421708
59061334478,3544,39.33672979,44.815645,39.33672979
59244192163,3524,36.6321926,43.83816417,39.3779691
59244192163,3524,42.1237456,43.83816417,39.3779691
59247399795,3524,41.11432166,43.83816417,39.53544905
59247399795,3524,37.95657644,43.83816417,39.53544905
56175179732,3563,39.64964575,44.75394083,39.64964575
58934170339,3583,39.70898814,44.54628667,39.70898814
59027167797,3581,39.83335494,45.78175167,39.83335494
59027167053,3544,39.94069894,44.815645,39.94069894
58968321892,3451,39.96212254,38.51100417,39.96212254
59185340492,3541,40.1056866,44.18824333,40.1056866
59182170649,3572,40.10849367,45.9200025,40.10849367
59244192721,3581,40.1223562,45.78175167,40.1223562
59123346785,3543,38.08512478,42.59304,40.34344118
59123346785,3543,42.60175758,42.59304,40.34344118
58999340616,3453,40.37155748,38.32097417,40.37155748
58937337671,3544,36.78335024,44.815645,40.38846594
58937337671,3544,43.99358163,44.815645,40.38846594
59058170401,3555,41.14702615,42.7075625,40.42228766
59058170401,3555,39.69754917,42.7075625,40.42228766
58968322264,3584,43.01988677,41.01686,40.44466696
58968322264,3584,37.86944716,41.01686,40.44466696
59151170711,3451,40.5196698,38.51100417,40.5196698
59120170959,3561,41.72277171,45.09513833,40.59951574
59120170959,3561,39.47625977,45.09513833,40.59951574
58937337578,3573,42.2728601,40.97689417,40.68379287
58937337578,3573,39.09472564,40.97689417,40.68379287
59151173532,3571,40.75256531,45.43473,40.75256531
59123338942,3564,44.72183781,40.89195667,40.77505505
59123338942,3564,36.82827229,40.89195667,40.77505505
58934174400,3453,40.81015204,38.32097417,40.81015204
56175180073,3544,42.12773728,44.815645,40.87479403
56175180073,3544,40.95428142,44.815645,40.87479403
56175180073,3544,39.54236339,44.815645,40.87479403
59027170401,3453,38.71778121,38.32097417,40.88098209
59027170401,3453,42.82922064,38.32097417,40.88098209
59027170401,3453,41.09594443,38.32097417,40.88098209
56175181282,3523,39.94257137,48.08086417,40.91151454
56175181282,3523,41.8804577,48.08086417,40.91151454
56175179577,3583,40.92738591,44.54628667,40.92738591
58965165472,3573,41.13914817,40.97689417,40.97958185
58965165472,3573,44.31202096,40.97689417,40.97958185
58965165472,3573,37.48757644,40.97689417,40.97958185
56178353109,3564,40.99151081,40.89195667,40.99151081
59213172416,3451,45.61370255,38.51100417,41.18669597
59213172416,3451,36.75968938,38.51100417,41.18669597
59213170494,3571,42.09542161,45.43473,41.27053057
59213170494,3571,40.44563954,45.43473,41.27053057
59278393750,3526,42.43699175,44.88250167,41.28462747
59278393750,3526,40.13226319,44.88250167,41.28462747
59275200905,3454,42.66667255,40.33584,41.35017126
59275200905,3454,42.1586996,40.33584,41.35017126
59275200905,3454,44.67243076,40.33584,41.35017126
59275200905,3454,39.58087633,40.33584,41.35017126
59275200905,3454,37.67217708,40.33584,41.35017126
59120171083,3553,42.29990427,45.6650425,41.38285588
59120171083,3553,40.46580748,45.6650425,41.38285588
58934169378,3554,38.3483078,45.82780167,41.38296568
58934169378,3554,44.41762357,45.82780167,41.38296568
59244190024,3582,40.72920817,47.64370083,41.48035783
59244190024,3582,42.2315075,47.64370083,41.48035783
59120171176,3453,41.49408803,38.32097417,41.49408803
59089167270,3571,41.50053969,45.43473,41.50053969
58965164728,3526,41.51657676,44.88250167,41.51657676
59247391332,3562,37.96297005,44.67627833,41.61013859
59247391332,3562,45.25730713,44.67627833,41.61013859
59058174214,3524,48.20072122,43.83816417,41.62819061
59058174214,3524,35.05566,43.83816417,41.62819061
59244190830,3524,41.64820325,43.83816417,41.64820325
58937338694,3544,41.65899635,44.815645,41.65899635
59182173408,3562,42.54891385,44.67627833,41.67977124
59182173408,3562,48.55855932,44.67627833,41.67977124
59182173408,3562,43.73009504,44.67627833,41.67977124
59182173408,3562,36.85848748,44.67627833,41.67977124
59182173408,3562,40.07221488,44.67627833,41.67977124
59182173408,3562,40.74536195,44.67627833,41.67977124
59182173408,3562,40.41919809,44.67627833,41.67977124
59182173408,3562,40.96845515,44.67627833,41.67977124
59182173408,3562,41.21665543,44.67627833,41.67977124
59089167797,3515,41.736525,47.45067,41.736525
59061333393,3564,43.8106651,40.89195667,41.73687634
59061333393,3564,39.66308759,40.89195667,41.73687634
59061334168,3552,42.2700695,47.74365833,41.78357335
59061334168,3552,35.20397135,47.74365833,41.78357335
59061334168,3552,49.2950109,47.74365833,41.78357335
59061334168,3552,40.36524167,47.74365833,41.78357335
59058171765,3573,47.76463671,40.97689417,41.79276399
59058171765,3573,40.88764028,40.97689417,41.79276399
59058171765,3573,36.72601498,40.97689417,41.79276399
59213172943,3453,41.86033764,38.32097417,41.86033764
59027170897,3515,41.74566255,47.45067,41.86180715
59027170897,3515,41.97795174,47.45067,41.86180715
59058171393,3453,41.87931895,38.32097417,41.87931895
59182170742,3524,42.04023123,43.83816417,42.04023123
58968317924,3572,43.67933389,45.9200025,42.04554611
58968317924,3572,40.41175833,45.9200025,42.04554611
59247398710,3525,42.12415163,45.97466417,42.12415163
59244194984,3544,42.12701114,44.815645,42.12701114
58934171300,3543,40.1791249,42.59304,42.14725466
58934171300,3543,44.11538442,42.59304,42.14725466
59120173842,3525,42.20966329,45.97466417,42.17595293
59120173842,3525,42.14224257,45.97466417,42.17595293
59185331378,3564,42.19692438,40.89195667,42.19692438
59027169192,3583,44.95608523,44.54628667,42.19712178
59027169192,3583,39.43815833,44.54628667,42.19712178
58968316715,3533,55.05850292,47.4578575,42.23352729
58968316715,3533,29.40855167,47.4578575,42.23352729
58996168789,3583,44.06805526,44.54628667,42.2399068
58996168789,3583,40.41175833,44.54628667,42.2399068
59182173594,3544,40.39903924,44.815645,42.25020517
59182173594,3544,44.1013711,44.815645,42.25020517
58968322636,3551,42.76654153,47.36161167,42.25153326
58968322636,3551,41.736525,47.36161167,42.25153326
59089169688,3572,43.05557668,45.9200025,42.25264837
59089169688,3572,41.44972005,45.9200025,42.25264837
59151174462,3541,42.44259875,44.18824333,42.25819281
59151174462,3541,42.07378688,44.18824333,42.25819281
59216351962,3552,42.2701222,47.74365833,42.2701222
58965164387,3533,42.53590232,47.4578575,42.32553649
58965164387,3533,42.11517065,47.4578575,42.32553649
56175178833,3552,42.35291759,47.74365833,42.35291759
58934173470,3452,42.40323377,40.16425833,42.40323377
58965164604,3524,43.92410683,43.83816417,42.42854982
58965164604,3524,40.9329928,43.83816417,42.42854982
59182173284,3522,42.6080845,47.2258175,42.46321762
59182173284,3522,42.31835075,47.2258175,42.46321762
58934172230,3564,43.93558213,40.89195667,42.47301729
58934172230,3564,41.01045244,40.89195667,42.47301729
59213170556,3527,45.05283319,47.73482,42.49295601
59213170556,3527,39.93307882,47.73482,42.49295601
59151174462,3541,44.91604533,44.18824333,42.50740286
59151174462,3541,46.84083733,44.18824333,42.50740286
59151174462,3541,35.76532591,44.18824333,42.50740286
59061335377,3524,42.54131747,43.83816417,42.54131747
59151174524,3454,42.60549039,40.33584,42.60549039
58996168293,3453,42.61130577,38.32097417,42.61130577
58937338663,3555,42.65011331,42.7075625,42.65011331
59244193310,3514,41.74566255,47.57139333,42.7624437
59244193310,3514,34.75850371,47.57139333,42.7624437
59244193310,3514,51.78316484,47.57139333,42.7624437
59182170122,3544,42.84207682,44.815645,42.84207682
59247390557,3583,40.07330143,44.54628667,42.87295344
59247390557,3583,38.93815478,44.54628667,42.87295344
59247390557,3583,41.53719646,44.54628667,42.87295344
59247390557,3583,39.94359342,44.54628667,42.87295344
59247390557,3583,53.87252109,44.54628667,42.87295344
59185332711,3452,43.26156953,40.16425833,42.88631265
59185332711,3452,40.57730328,40.16425833,42.88631265
59185332711,3452,44.82006514,40.16425833,42.88631265
58965165534,3572,42.92100769,45.9200025,42.92100769
58965162961,3453,42.96276161,38.32097417,42.96276161
56178350195,3531,42.97925236,48.0142775,42.97925236
59213170897,3544,43.62484187,44.815645,43.01479671
59213170897,3544,42.40475156,44.815645,43.01479671
58999336834,3512,42.28879029,49.65118417,43.01822955
58999336834,3512,43.7476688,49.65118417,43.01822955
59092326511,3582,43.73414743,47.64370083,43.04589743
59092326511,3582,42.35764743,47.64370083,43.04589743
59123341608,3552,42.59296022,47.74365833,43.05284592
59123341608,3552,43.51273163,47.74365833,43.05284592
59058170866,3581,43.08146828,45.78175167,43.08146828
58965164201,3524,43.18971723,43.83816417,43.18971723
59244192070,3533,45.28029599,47.4578575,43.25820731
59244192070,3533,42.43840464,47.4578575,43.25820731
59244192070,3533,42.05592131,47.4578575,43.25820731
59058170029,3533,42.07176287,47.4578575,43.26061891
59058170029,3533,41.08335679,47.4578575,43.26061891
59058170029,3533,45.28472841,47.4578575,43.26061891
59058170029,3533,44.60262758,47.4578575,43.26061891
59061336338,3561,43.2703083,45.09513833,43.2703083
59092330355,3533,43.85178939,47.4578575,43.28699568
59092330355,3533,42.72220196,47.4578575,43.28699568
59058171920,3555,43.31437232,42.7075625,43.31437232
59089170370,3532,49.34706833,47.5322525,43.31871588
59089170370,3532,40.49804339,47.5322525,43.31871588
59089170370,3532,41.32335205,47.5322525,43.31871588
59089170370,3532,42.10639975,47.5322525,43.31871588
58965163364,3543,46.54753465,42.59304,43.32145727
58965163364,3543,40.09537989,42.59304,43.32145727
59182171982,3526,43.33015373,44.88250167,43.33015373
59120173563,3571,42.31219634,45.43473,43.33628792
59120173563,3571,40.4488395,45.43473,43.33628792
59120173563,3571,47.24782793,45.43473,43.33628792
58934173873,3524,43.37893505,43.83816417,43.37893505
59247403267,3582,41.42648299,47.64370083,43.42209031
59247403267,3582,45.41769764,47.64370083,43.42209031
59275194302,3581,43.44911667,45.78175167,43.44911667
59275195046,3512,43.46605833,49.65118417,43.46605833
59092323752,3514,43.46605833,47.57139333,43.46605833
59216347343,3584,43.46605833,41.01686,43.46605833
58937339810,3452,43.48735207,40.16425833,43.48735207
58999340492,3523,40.65159299,48.08086417,43.50101837
58999340492,3523,46.35044374,48.08086417,43.50101837
58965161163,3452,50.46876399,40.16425833,43.5225945
58965161163,3452,36.576425,40.16425833,43.5225945
56178354659,3564,42.93789019,40.89195667,43.54332859
56178354659,3564,44.148767,40.89195667,43.54332859
59058170897,3526,46.80380766,44.88250167,43.55321592
59058170897,3526,43.5385429,44.88250167,43.55321592
59058170897,3526,40.3172972,44.88250167,43.55321592
59027171424,3581,46.08101326,45.78175167,43.58892802
59027171424,3581,41.09684277,45.78175167,43.58892802
59185338911,3564,49.07454558,40.89195667,43.62317339
59185338911,3564,38.1718012,40.89195667,43.62317339
59216353326,3524,43.62800379,43.83816417,43.62800379
59213171951,3582,43.644699,47.64370083,43.644699
59182170153,3526,51.55943411,44.88250167,43.69162581
59182170153,3526,35.8238175,44.88250167,43.69162581
59089168107,3573,47.38715632,40.97689417,43.83106746
59089168107,3573,38.9808851,40.97689417,43.83106746
59089168107,3573,45.12516097,40.97689417,43.83106746
59058169347,3453,43.83643154,38.32097417,43.83643154
59027167673,3583,52.31338262,44.54628667,43.90386256
59027167673,3583,35.4943425,44.54628667,43.90386256
58999334664,3451,43.0777878,38.51100417,43.91696413
58999334664,3451,44.75614046,38.51100417,43.91696413
58934174338,3533,41.80975034,47.4578575,43.94735102
58934174338,3533,46.0849517,47.4578575,43.94735102
58996169037,3554,44.5274774,45.82780167,43.94756451
58996169037,3554,43.36765163,45.82780167,43.94756451
59058169130,3544,41.23774471,44.815645,43.95963967
59058169130,3544,46.68153463,44.815645,43.95963967
58934172881,3512,43.99905838,49.65118417,43.97006752
58934172881,3512,43.94107667,49.65118417,43.97006752
59151170308,3522,46.62892456,47.2258175,43.99715319
59151170308,3522,41.36538182,47.2258175,43.99715319
59247393688,3522,43.99722299,47.2258175,43.99722299
58996171579,3522,47.6193343,47.2258175,44.01000838
58996171579,3522,42.50210066,47.2258175,44.01000838
58996171579,3522,41.90859019,47.2258175,44.01000838
58996170773,3453,44.08697926,38.32097417,44.08697926
59216349947,3582,41.53196561,47.64370083,44.09971039
59216349947,3582,44.84381031,47.64370083,44.09971039
59216349947,3582,45.92335524,47.64370083,44.09971039
59216355868,3515,44.10316287,47.45067,44.10316287
58965164480,3584,44.11997732,41.01686,44.11997732
56175182863,3572,46.83725775,45.9200025,44.13427624
56175182863,3572,41.43129474,45.9200025,44.13427624
58934172881,3512,43.31285413,49.65118417,44.15166773
58934172881,3512,40.06488976,49.65118417,44.15166773
58934172881,3512,49.07725931,49.65118417,44.15166773
59089168076,3572,44.15470541,45.9200025,44.15470541
59027167952,3555,39.93438075,42.7075625,44.20541445
59027167952,3555,48.47644815,42.7075625,44.20541445
58968322946,3531,46.29611944,48.0142775,44.21845829
58968322946,3531,44.27040343,48.0142775,44.21845829
58968322946,3531,42.08885201,48.0142775,44.21845829
58996170091,3451,44.23786322,38.51100417,44.23786322
59120170897,3451,44.23786322,38.51100417,44.23786322
59030327720,3454,43.46733242,40.33584,44.24175774
59030327720,3454,45.01618305,40.33584,44.24175774
58965161938,3583,44.26524412,44.54628667,44.26524412
59089166092,3522,45.45825938,47.2258175,44.27008883
59089166092,3522,36.79997636,47.2258175,44.27008883
59089166092,3522,42.92160766,47.2258175,44.27008883
59089166092,3522,46.05242527,47.2258175,44.27008883
59089166092,3522,50.11817546,47.2258175,44.27008883
59185332246,3511,43.70136671,49.5558975,44.27076594
59185332246,3511,44.84016517,49.5558975,44.27076594
59123348490,3561,46.86078527,45.09513833,44.27563031
59123348490,3561,41.69047535,45.09513833,44.27563031
59213173873,3571,45.657259,45.43473,44.33581595
59213173873,3571,50.95114386,45.43473,44.33581595
59213173873,3571,36.399045,45.43473,44.33581595
58965163767,3553,45.075447,45.6650425,44.3366055
58965163767,3553,43.597764,45.6650425,44.3366055
59120173098,3571,42.23127038,45.43473,44.34863284
59120173098,3571,40.99120207,45.43473,44.34863284
59120173098,3571,46.05670869,45.43473,44.34863284
59120173098,3571,48.1153502,45.43473,44.34863284
59244196348,3523,44.36298231,48.08086417,44.36298231
59058171982,3563,44.37604577,44.75394083,44.37604577
56175182553,3582,46.68139221,47.64370083,44.42786788
56175182553,3582,42.17434354,47.64370083,44.42786788
59244189962,3572,49.74109305,45.9200025,44.43027277
59244189962,3572,39.1194525,45.9200025,44.43027277
59182174493,3511,45.1048904,49.5558975,44.44515884
59182174493,3511,43.78542729,49.5558975,44.44515884
59278399578,3572,44.45293417,45.9200025,44.45293417
59058171920,3555,41.02616366,42.7075625,44.49638421
59058171920,3555,44.79337782,42.7075625,44.49638421
59058171920,3555,47.66961115,42.7075625,44.49638421
59058171920,3555,44.79337782,42.7075625,44.49638421
59154360859,3561,46.93661137,45.09513833,44.49905846
59154360859,3561,42.06150555,45.09513833,44.49905846
59275199014,3571,45.84877916,45.43473,44.51254745
59275199014,3571,43.17631574,45.43473,44.51254745
59216352148,3512,43.48502102,49.65118417,44.51737126
59216352148,3512,46.56743906,49.65118417,44.51737126
59216352148,3512,51.03384163,49.65118417,44.51737126
59216352148,3512,36.98318333,49.65118417,44.51737126
56175183793,3451,44.52790736,38.51100417,44.52790736
58937331502,3555,43.00542729,42.7075625,44.53011532
58937331502,3555,46.05480335,42.7075625,44.53011532
59244195387,3584,41.69266011,41.01686,44.54767392
59244195387,3584,43.27437044,41.01686,44.54767392
59244195387,3584,48.67599121,41.01686,44.54767392
59278386062,3541,40.33270717,44.18824333,44.57473172
59278386062,3541,45.84300138,44.18824333,44.57473172
59278386062,3541,47.54848659,44.18824333,44.57473172
59275196286,3452,49.7276513,40.16425833,44.59336348
59275196286,3452,39.45907566,40.16425833,44.59336348
58999341174,3564,44.61195675,40.89195667,44.61195675
59182170308,3563,44.25294807,44.75394083,44.61829756
59182170308,3563,44.98364704,44.75394083,44.61829756
59058173191,3572,46.5951571,45.9200025,44.68031942
59058173191,3572,46.38374882,45.9200025,44.68031942
59058173191,3572,44.9461131,45.9200025,44.68031942
59058173191,3572,40.79625866,45.9200025,44.68031942
59154354504,3532,43.16732136,47.5322525,44.68378005
59154354504,3532,45.73089184,47.5322525,44.68378005
59154354504,3532,45.15312697,47.5322525,44.68378005
59216352148,3512,44.7004947,49.65118417,44.7004947
59213174679,3572,49.33229112,45.9200025,44.7123938
59213174679,3572,45.65604655,45.9200025,44.7123938
59213174679,3572,43.09952108,45.9200025,44.7123938
59213174679,3572,44.89874161,45.9200025,44.7123938
59213174679,3572,48.74508743,45.9200025,44.7123938
59213174679,3572,36.542675,45.9200025,44.7123938
58934173594,3544,39.23546366,44.815645,44.73566553
58934173594,3544,50.2358674,44.815645,44.73566553
59089168324,3454,44.7470901,40.33584,44.7470901
59123343809,3454,44.75211808,40.33584,44.75211808
59154354256,3525,46.70122492,45.97466417,44.76426883
59154354256,3525,42.82731274,45.97466417,44.76426883
58937336741,3581,45.53249072,45.78175167,44.79132326
58937336741,3581,44.05015579,45.78175167,44.79132326
59120168975,3525,43.53837054,45.97466417,44.80170996
59120168975,3525,41.8445412,45.97466417,44.80170996
59120168975,3525,49.12884727,45.97466417,44.80170996
59120168975,3525,44.69508083,45.97466417,44.80170996
59247389441,3531,46.02649659,48.0142775,44.82102314
59247389441,3531,43.61554968,48.0142775,44.82102314
58996171455,3525,39.35540982,45.97466417,44.87146377
58996171455,3525,41.55456552,45.97466417,44.87146377
58996171455,3525,46.49428488,45.97466417,44.87146377
58996171455,3525,52.08159486,45.97466417,44.87146377
59154350164,3453,44.87766616,38.32097417,44.87766616
59061331781,3571,45.94535917,45.43473,44.95843458
59061331781,3571,43.97151,45.43473,44.95843458
58968320528,3572,41.61292831,45.9200025,45.02406653
58968320528,3572,48.43520476,45.9200025,45.02406653
59120168572,3564,44.25080476,40.89195667,45.0275514
59120168572,3564,45.80429805,40.89195667,45.0275514
59278391177,3581,46.48413955,45.78175167,45.05653636
59278391177,3581,43.62893318,45.78175167,45.05653636
58937330076,3523,51.30452824,48.08086417,45.10055565
58937330076,3523,50.09387205,48.08086417,45.10055565
58937330076,3523,33.90326667,48.08086417,45.10055565
58996167766,3513,45.12012784,56.14895667,45.12012784
58934170370,3514,46.4774464,47.57139333,45.151126
58934170370,3514,44.79685539,47.57139333,45.151126
58934170370,3514,44.17907622,47.57139333,45.151126
58999336183,3526,42.92582621,44.88250167,45.15763707
58999336183,3526,47.38944793,44.88250167,45.15763707
59213173284,3564,50.51046424,40.89195667,45.22012277
59213173284,3564,39.92978129,40.89195667,45.22012277
59244191605,3521,43.8935016,55.029855,45.24365915
59244191605,3521,42.1687891,55.029855,45.24365915
59244191605,3521,49.66868675,55.029855,45.24365915
59120169068,3583,41.70755177,44.54628667,45.26806096
59120169068,3583,58.07124426,44.54628667,45.26806096
59120169068,3583,37.91147363,44.54628667,45.26806096
59120169068,3583,43.38197417,44.54628667,45.26806096
59027169254,3532,45.41044044,47.5322525,45.41044044
58996167177,3582,45.41189263,47.64370083,45.41189263
59244194736,3541,45.44429719,44.18824333,45.44429719
59244194922,3522,48.73995236,47.2258175,45.44603038
59244194922,3522,42.1521084,47.2258175,45.44603038
58996172292,3543,45.44750449,42.59304,45.44750449
59244191047,3544,45.4636382,44.815645,45.4636382
59154356829,3563,45.19190397,44.75394083,45.47324532
59154356829,3563,42.02982093,44.75394083,45.47324532
59154356829,3563,38.88897821,44.75394083,45.47324532
59154356829,3563,39.4748205,44.75394083,45.47324532
59154356829,3563,47.90532133,44.75394083,45.47324532
59154356829,3563,50.26161164,44.75394083,45.47324532
59154356829,3563,50.64568498,44.75394083,45.47324532
59154356829,3563,49.53794526,44.75394083,45.47324532
59154356829,3563,46.38746886,44.75394083,45.47324532
59154356829,3563,44.4088975,44.75394083,45.47324532
59182171951,3552,40.07031044,47.74365833,45.48358745
59182171951,3552,40.01212399,47.74365833,45.48358745
59182171951,3552,41.71781263,47.74365833,45.48358745
59182171951,3552,43.70446274,47.74365833,45.48358745
59182171951,3552,49.74250639,47.74365833,45.48358745
59182171951,3552,50.76626051,47.74365833,45.48358745
59182171951,3552,52.37163545,47.74365833,45.48358745
59275195635,3523,44.05249882,48.08086417,45.4929489
59275195635,3523,44.41445928,48.08086417,45.4929489
59275195635,3523,38.50185739,48.08086417,45.4929489
59275195635,3523,55.00298012,48.08086417,45.4929489
58999342352,3511,44.5273685,49.5558975,45.50781918
58999342352,3511,46.48826986,49.5558975,45.50781918
59089166433,3512,37.64280264,49.65118417,45.5295228
59089166433,3512,53.41624297,49.65118417,45.5295228
58996170029,3572,47.77263899,45.9200025,45.5486404
58996170029,3572,43.32464181,45.9200025,45.5486404
58934173098,3515,45.95843838,47.45067,45.55034115
58934173098,3515,43.82722936,47.45067,45.55034115
58934173098,3515,46.86535571,47.45067,45.55034115
58934172788,3582,51.86392371,47.64370083,45.57191795
58934172788,3582,47.16099265,47.64370083,45.57191795
58934172788,3582,37.6908375,47.64370083,45.57191795
59182134999,3526,45.61496401,44.88250167,45.61496401
59058169719,3582,46.98512217,47.64370083,45.74210588
59058169719,3582,44.49908959,47.64370083,45.74210588
58934171486,3541,45.77130948,44.18824333,45.77130948
59275194984,3521,42.83877107,55.029855,45.77463357
59275194984,3521,48.71049607,55.029855,45.77463357
59092325302,3512,42.84152543,49.65118417,45.79671019
59092325302,3512,48.75189495,49.65118417,45.79671019
59089169967,3512,43.51684278,49.65118417,45.80005766
59089169967,3512,45.72499551,49.65118417,45.80005766
59089169967,3512,48.15833469,49.65118417,45.80005766
59213172199,3544,46.84259442,44.815645,45.80281091
59213172199,3544,44.76302739,44.815645,45.80281091
59216352706,3454,45.82902183,40.33584,45.82902183
58999341856,3582,45.83831137,47.64370083,45.83831137
58937330820,3552,38.71274784,47.74365833,45.88198589
58937330820,3552,48.78914697,47.74365833,45.88198589
58937330820,3552,50.14406285,47.74365833,45.88198589
59182170959,3543,45.92354658,42.59304,45.92354658
58996171207,3452,47.91265005,40.16425833,45.95311584
58996171207,3452,43.99358163,40.16425833,45.95311584
58934172943,3584,46.99555994,41.01686,45.97785772
58934172943,3584,47.76112204,41.01686,45.97785772
58934172943,3584,43.17689116,41.01686,45.97785772
56178371182,3572,43.80652605,45.9200025,45.9799946
56178371182,3572,48.15346315,45.9200025,45.9799946
59061333455,3552,42.514405,47.74365833,45.98461875
59061333455,3552,49.4548325,47.74365833,45.98461875
59275199944,3544,39.22199249,44.815645,45.9902178
59275199944,3544,42.23699202,44.815645,45.9902178
59275199944,3544,41.28041461,44.815645,45.9902178
59275199944,3544,56.29581421,44.815645,45.9902178
59275199944,3544,50.91587569,44.815645,45.9902178
59213173036,3523,45.99764971,48.08086417,45.99764971
59092326418,3581,44.56707023,45.78175167,46.0053306
59092326418,3581,45.5644546,45.78175167,46.0053306
59092326418,3581,46.33469524,45.78175167,46.0053306
59092326418,3581,47.55510234,45.78175167,46.0053306
59213173625,3533,44.50088795,47.4578575,46.00733808
59213173625,3533,44.39534509,47.4578575,46.00733808
59213173625,3533,45.65670682,47.4578575,46.00733808
59213173625,3533,49.47641247,47.4578575,46.00733808
59092327317,3544,42.36663242,44.815645,46.03299444
59092327317,3544,49.69935645,44.815645,46.03299444
58996168789,3583,45.40161833,44.54628667,46.0421194
58996168789,3583,46.68262048,44.54628667,46.0421194
59182174772,3544,46.06430426,44.815645,46.06430426
58934171176,3514,49.01597979,47.57139333,46.07166715
58934171176,3514,44.45400812,47.57139333,46.07166715
58934171176,3514,44.74501356,47.57139333,46.07166715
59213171548,3551,44.19950686,47.36161167,46.07822124
59213171548,3551,47.95693561,47.36161167,46.07822124
58934171207,3533,46.11124415,47.4578575,46.11124415
58965163705,3561,47.15081763,45.09513833,46.13641138
58965163705,3561,45.12200512,45.09513833,46.13641138
58999336958,3544,43.28952636,44.815645,46.19966589
58999336958,3544,49.10980542,44.815645,46.19966589
58934170091,3526,40.93146718,44.88250167,46.21707208
58934170091,3526,42.85956428,44.88250167,46.21707208
58934170091,3526,47.73404932,44.88250167,46.21707208
58934170091,3526,53.34320757,44.88250167,46.21707208
59213171579,3543,52.39529484,42.59304,46.22168844
59213171579,3543,40.04808203,42.59304,46.22168844
59244196348,3523,54.57223737,48.08086417,46.31447744
59244196348,3523,38.0567175,48.08086417,46.31447744
58937329704,3581,50.10210475,45.78175167,46.36099585
58937329704,3581,41.43109062,45.78175167,46.36099585
58937329704,3581,47.54979219,45.78175167,46.36099585
59089169347,3454,46.36940191,40.33584,46.36940191
59027168293,3544,46.39371409,44.815645,46.39371409
59213172447,3524,51.04015599,43.83816417,46.39743323
59213172447,3524,46.64466462,43.83816417,46.39743323
59213172447,3524,41.50747909,43.83816417,46.39743323
59247393037,3563,42.82539103,44.75394083,46.42669961
59247393037,3563,50.02800818,44.75394083,46.42669961
59216353047,3552,43.87344677,47.74365833,46.44659697
59216353047,3552,45.30407603,47.74365833,46.44659697
59216353047,3552,50.1622681,47.74365833,46.44659697
58937334850,3552,46.45051738,47.74365833,46.45051738
59027170897,3515,46.46728996,47.45067,46.46728996
59182169812,3572,44.94772965,45.9200025,46.47180762
59182169812,3572,41.24956547,45.9200025,46.47180762
59182169812,3572,49.00602066,45.9200025,46.47180762
59182169812,3572,50.68391471,45.9200025,46.47180762
58996171486,3553,50.43614099,45.6650425,46.4799262
58996171486,3553,42.52371141,45.6650425,46.4799262
56178354287,3514,45.18860848,47.57139333,46.49131841
56178354287,3514,47.79402833,47.57139333,46.49131841
58968325085,3525,51.35511771,45.97466417,46.49239368
58968325085,3525,41.62966966,45.97466417,46.49239368
59123344770,3531,48.95378608,48.0142775,46.49252543
59123344770,3531,44.03126477,48.0142775,46.49252543
59151172230,3544,48.40064051,44.815645,46.51661726
59151172230,3544,44.63259401,44.815645,46.51661726
59120171486,3552,51.85350471,47.74365833,46.52554561
59120171486,3552,43.52211013,47.74365833,46.52554561
59120171486,3552,43.00732697,47.74365833,46.52554561
59120171486,3552,47.71924065,47.74365833,46.52554561
59089166774,3571,43.99936338,45.43473,46.53522018
59089166774,3571,42.33908217,45.43473,46.53522018
59089166774,3571,48.71288343,45.43473,46.53522018
59089166774,3571,51.08955173,45.43473,46.53522018
59058174338,3552,45.81210377,47.74365833,46.60486978
59058174338,3552,47.39763578,47.74365833,46.60486978
59213172354,3527,46.64460201,47.73482,46.64460201
59120171238,3584,43.41892212,41.01686,46.66553289
59120171238,3584,49.91214365,41.01686,46.66553289
59182170773,3454,46.73513933,40.33584,46.73513933
59030325922,3582,46.75843827,47.64370083,46.75843827
58937335718,3584,48.66917654,41.01686,46.76534501
58937335718,3584,44.86151348,41.01686,46.76534501
59151171827,3525,50.28282064,45.97466417,46.77809938
59151171827,3525,43.27337812,45.97466417,46.77809938
59151175392,3554,41.71143805,45.82780167,46.78191299
59151175392,3554,51.85238793,45.82780167,46.78191299
58996170804,3531,46.81736354,48.0142775,46.81736354
59275196937,3524,46.87705045,43.83816417,46.87705045
58968317273,3523,42.60313005,48.08086417,46.87757962
58968317273,3523,51.15202918,48.08086417,46.87757962
58934169502,3572,46.925046,45.9200025,46.925046
58968324961,3571,45.25381516,45.43473,46.93328524
58968324961,3571,48.61275532,45.43473,46.93328524
59247397408,3541,46.94007919,44.18824333,46.94007919
58934174338,3533,48.64497538,47.4578575,46.96518977
58934174338,3533,45.28540416,47.4578575,46.96518977
59058170587,3584,50.52900479,41.01686,46.98906073
59058170587,3584,43.44911667,41.01686,46.98906073
59089166712,3583,47.02975475,44.54628667,47.02975475
59058170680,3582,44.06340223,47.64370083,47.03127376
59058170680,3582,49.99914529,47.64370083,47.03127376
56175182274,3551,47.04544169,47.36161167,47.04544169
59275199324,3571,47.05013034,45.43473,47.05013034
59275199107,3564,45.47090792,40.89195667,47.07861654
59275199107,3564,48.68632517,40.89195667,47.07861654
58996170339,3544,47.09017987,44.815645,47.09017987
59216354907,3523,47.0962755,48.08086417,47.0962755
59030331533,3573,53.57665564,40.97689417,47.10813653
59030331533,3573,46.48059236,40.97689417,47.10813653
59030331533,3573,41.26716158,40.97689417,47.10813653
58996168975,3451,47.14475612,38.51100417,47.14475612
59154362037,3544,47.49785492,44.815645,47.17263888
59154362037,3544,44.66114039,44.815645,47.17263888
59154362037,3544,49.35892131,44.815645,47.17263888
58934173656,3544,45.44891632,44.815645,47.18888075
58934173656,3544,48.92884517,44.815645,47.18888075
59213170835,3572,47.22216865,45.9200025,47.22216865
59027168479,3531,44.37144627,48.0142775,47.23142302
59027168479,3531,44.13070278,48.0142775,47.23142302
59027168479,3531,53.19212,48.0142775,47.23142302
58968320869,3544,47.2586103,44.815645,47.2586103
59278386093,3512,41.04281869,49.65118417,47.28331465
59278386093,3512,53.5238106,49.65118417,47.28331465
59058173997,3544,44.19950363,44.815645,47.35254537
59058173997,3544,50.50558711,44.815645,47.35254537
59120168541,3512,40.76280019,49.65118417,47.36090832
59120168541,3512,53.95901646,49.65118417,47.36090832
59120173067,3514,47.36149717,47.57139333,47.36149717
59027167208,3514,49.16198087,47.57139333,47.38568384
59027167208,3514,42.60992768,47.57139333,47.38568384
59027167208,3514,45.00001524,47.57139333,47.38568384
59027167208,3514,52.77081157,47.57139333,47.38568384
59247397408,3541,59.26098824,44.18824333,47.38761412
59247397408,3541,35.51424,44.18824333,47.38761412
59275198797,3554,52.57064645,45.82780167,47.43764019
59275198797,3554,42.30463392,45.82780167,47.43764019
59216352427,3531,47.46236715,48.0142775,47.46236715
58996171362,3572,53.15617701,45.9200025,47.48591625
58996171362,3572,41.81565548,45.9200025,47.48591625
58934173656,3544,47.52731676,44.815645,47.52731676
59092325240,3523,47.53644658,48.08086417,47.53644658
59182171672,3581,47.59702417,45.78175167,47.59702417
58934172819,3531,47.20859815,48.0142775,47.62085236
58934172819,3531,48.03310658,48.0142775,47.62085236
59216350877,3514,48.63462475,47.57139333,47.62756768
59216350877,3514,46.6205106,47.57139333,47.62756768
59151172943,3522,42.51577109,47.2258175,47.63792775
59151172943,3522,49.25078609,47.2258175,47.63792775
59151172943,3522,51.14722606,47.2258175,47.63792775
58999341267,3512,47.65209413,49.65118417,47.65209413
59151174555,3582,44.03808492,47.64370083,47.65840588
59151174555,3582,51.27872685,47.64370083,47.65840588
59027171021,3533,52.7003697,47.4578575,47.66366364
59027171021,3533,42.62695758,47.4578575,47.66366364
59244193589,3514,47.66500413,47.57139333,47.66500413
58996171362,3572,50.85040311,45.9200025,47.66906239
58996171362,3572,44.48772167,45.9200025,47.66906239
59089169316,3581,51.80788677,45.78175167,47.68781144
59089169316,3581,43.56773612,45.78175167,47.68781144
59244194643,3573,47.70550938,40.97689417,47.70550938
59185333362,3522,49.11957571,47.2258175,47.71981205
59185333362,3522,44.60429865,47.2258175,47.71981205
59185333362,3522,49.43556181,47.2258175,47.71981205
58934171796,3522,45.37419824,47.2258175,47.72668129
58934171796,3522,41.14091484,47.2258175,47.72668129
58934171796,3522,52.29428012,47.2258175,47.72668129
58934171796,3522,52.09733196,47.2258175,47.72668129
59120170711,3523,45.42184236,48.08086417,47.73427729
59120170711,3523,50.04671221,48.08086417,47.73427729
58999336338,3531,46.84716799,48.0142775,47.73536716
58999336338,3531,41.17067407,48.0142775,47.73536716
58999336338,3531,55.18825942,48.0142775,47.73536716
58996171362,3572,47.74120726,45.9200025,47.74120726
58996170370,3451,48.07931953,38.51100417,47.75522415
58996170370,3451,47.43112877,38.51100417,47.75522415
56175181282,3523,51.05713859,48.08086417,47.77035057
56175181282,3523,44.48356254,48.08086417,47.77035057
59275198332,3514,47.94877282,47.57139333,47.80754201
59275198332,3514,47.66631119,47.57139333,47.80754201
59247397904,3553,49.13686874,45.6650425,47.81664225
59247397904,3553,49.27419774,45.6650425,47.81664225
59247397904,3553,45.03886026,45.6650425,47.81664225
59213174896,3583,49.10037341,44.54628667,47.86192185
59213174896,3583,42.19199355,44.54628667,47.86192185
59213174896,3583,52.29339861,44.54628667,47.86192185
59213173005,3544,47.88186187,44.815645,47.88186187
59247403205,3522,51.62817198,47.2258175,47.95503239
59247403205,3522,54.74216019,47.2258175,47.95503239
59247403205,3522,37.494765,47.2258175,47.95503239
59213169657,3553,47.99820658,45.6650425,47.98699654
59213169657,3553,47.9757865,45.6650425,47.98699654
59120171083,3553,51.29810584,45.6650425,48.00152483
59120171083,3553,50.93379961,45.6650425,48.00152483
59120171083,3553,41.77266903,45.6650425,48.00152483
59216350443,3522,45.14952742,47.2258175,48.01889152
59216350443,3522,53.65456332,47.2258175,48.01889152
59216350443,3522,45.25258383,47.2258175,48.01889152
59120171269,3571,48.93087883,45.43473,48.02010934
59120171269,3571,47.06263797,45.43473,48.02010934
59120171269,3571,48.06681121,45.43473,48.02010934
62034168138,3571,50.49585335,45.43473,48.02266751
62034168138,3571,45.54948167,45.43473,48.02266751
56178356891,3522,45.01940466,47.2258175,48.0508096
56178356891,3522,51.08221454,47.2258175,48.0508096
59120169812,3524,48.07534577,43.83816417,48.07534577
59120170618,3524,48.07534577,43.83816417,48.07534577
59058172943,3572,48.08041149,45.9200025,48.08041149
59247404786,3514,45.2774443,47.57139333,48.10409126
59247404786,3514,44.36497017,47.57139333,48.10409126
59247404786,3514,54.66985931,47.57139333,48.10409126
59151173687,3515,48.13284629,47.45067,48.13284629
59120172385,3523,43.8449891,48.08086417,48.14084789
59120172385,3523,52.43670667,48.08086417,48.14084789
59244192256,3573,49.91896255,40.97689417,48.14840231
59244192256,3573,46.37784206,40.97689417,48.14840231
59213171455,3522,41.67016554,47.2258175,48.23079296
59213171455,3522,48.27860296,47.2258175,48.23079296
59213171455,3522,54.74361039,47.2258175,48.23079296
58965165534,3572,48.36787658,45.9200025,48.28047888
58965165534,3572,48.19308119,45.9200025,48.28047888
59120171145,3527,54.2719363,47.73482,48.32823273
59120171145,3527,46.59692551,47.73482,48.32823273
59120171145,3527,42.82711571,47.73482,48.32823273
59120171145,3527,49.61695339,47.73482,48.32823273
58937330417,3512,54.03460731,49.65118417,48.41354942
58937330417,3512,43.9629025,49.65118417,48.41354942
58937330417,3512,43.87326166,49.65118417,48.41354942
58937330417,3512,51.7834262,49.65118417,48.41354942
59275195046,3512,48.41414877,49.65118417,48.41414877
58999338942,3571,51.52281164,45.43473,48.49946244
58999338942,3571,45.47611324,45.43473,48.49946244
59058171796,3452,48.51024223,40.16425833,48.51024223
59244196720,3544,48.52253824,44.815645,48.52253824
59151173408,3544,48.55441227,44.815645,48.55441227
59275200533,3551,48.60107706,47.36161167,48.60107706
59027169874,3571,54.70082989,45.43473,48.67964742
59027169874,3571,42.65846495,45.43473,48.67964742
59030326666,3515,57.82667166,47.45067,48.75328311
59030326666,3515,41.76850833,47.45067,48.75328311
59030326666,3515,46.66466933,47.45067,48.75328311
59058169719,3582,48.76813938,47.64370083,48.76813938
59275198797,3554,48.78308584,45.82780167,48.78308584
58968318637,3561,48.83032621,45.09513833,48.83032621
59216345452,3523,47.0686871,48.08086417,48.83086187
59216345452,3523,50.59303664,48.08086417,48.83086187
59151172912,3454,48.8677928,40.33584,48.8677928
59244196255,3532,52.67594392,47.5322525,48.91453544
59244196255,3532,45.15312697,47.5322525,48.91453544
59213173284,3564,48.92682079,40.89195667,48.92682079
56175181871,3584,48.93680782,41.01686,48.93680782
58996167301,3561,50.24962469,45.09513833,48.94455153
58996167301,3561,47.63947838,45.09513833,48.94455153
58937338229,3526,49.01111251,44.88250167,49.01111251
58999335253,3581,45.90270751,45.78175167,49.04866961
58999335253,3581,52.19463171,45.78175167,49.04866961
59244192473,3555,45.61424518,42.7075625,49.10609517
59244192473,3555,52.59794516,42.7075625,49.10609517
58965162992,3523,49.4306235,48.08086417,49.14249325
58965162992,3523,46.12737665,48.08086417,49.14249325
58965162992,3523,45.79757728,48.08086417,49.14249325
58965162992,3523,55.21439557,48.08086417,49.14249325
59275200626,3514,45.9948377,47.57139333,49.2377717
59275200626,3514,52.4807057,47.57139333,49.2377717
59213170060,3513,49.2395032,56.14895667,49.2395032
59089166030,3522,49.25019094,47.2258175,49.25019094
59216350629,3513,46.9499415,56.14895667,49.28087626
59216350629,3513,51.61181103,56.14895667,49.28087626
59092325302,3512,52.33034635,49.65118417,49.2982194
59092325302,3512,46.26609244,49.65118417,49.2982194
59244191295,3523,52.79722784,48.08086417,49.30949121
59244191295,3523,45.82175458,48.08086417,49.30949121
59182172261,3571,52.84149877,45.43473,49.31723041
59182172261,3571,45.79296205,45.43473,49.31723041
59185336865,3531,47.08387757,48.0142775,49.32532255
59185336865,3531,51.56676752,48.0142775,49.32532255
58934174090,3582,48.49864638,47.64370083,49.34423841
58934174090,3582,50.18983044,47.64370083,49.34423841
59092330479,3555,49.42901695,42.7075625,49.42901695
58996167828,3561,52.33055403,45.09513833,49.46753621
58996167828,3561,46.14125862,45.09513833,49.46753621
58996167828,3561,49.93079598,45.09513833,49.46753621
59027168882,3563,49.03090394,44.75394083,49.46814326
59027168882,3563,49.90538258,44.75394083,49.46814326
58934169533,3572,52.87476955,45.9200025,49.48186296
58934169533,3572,46.65982763,45.9200025,49.48186296
58934169533,3572,46.92099127,45.9200025,49.48186296
58934169533,3572,51.47186339,45.9200025,49.48186296
58996172261,3512,49.30336726,49.65118417,49.49677667
58996172261,3512,49.69018609,49.65118417,49.49677667
59058169254,3525,49.51126354,45.97466417,49.51126354
59244191047,3544,55.32339539,44.815645,49.51703424
59244191047,3544,43.7106731,44.815645,49.51703424
58965161690,3554,51.95020941,45.82780167,49.56899891
58965161690,3554,45.15016016,45.82780167,49.56899891
58965161690,3554,51.60662715,45.82780167,49.56899891
59027167363,3564,50.93693864,40.89195667,49.5706467
59027167363,3564,48.20435476,40.89195667,49.5706467
59244193248,3452,50.74331822,40.16425833,49.59961278
59244193248,3452,48.45590734,40.16425833,49.59961278
56175180879,3521,44.10231831,55.029855,49.65176531
56175180879,3521,55.20121232,55.029855,49.65176531
59216354504,3562,49.67246234,44.67627833,49.67246234
59089170618,3581,49.68358581,45.78175167,49.68358581
59213170556,3527,49.47705516,47.73482,49.69353734
59213170556,3527,49.91001952,47.73482,49.69353734
59061339283,3544,53.24386796,44.815645,49.70020291
59061339283,3544,46.15653786,44.815645,49.70020291
59120170184,3524,49.70301507,43.83816417,49.70301507
59089167456,3453,49.7124587,38.32097417,49.7124587
59027168696,3524,49.75394077,43.83816417,49.75394077
59216345917,3572,49.75764769,45.9200025,49.75764769
59278387581,3533,48.90623416,47.4578575,49.77559649
59278387581,3533,50.64495881,47.4578575,49.77559649
56175178988,3553,49.78323008,45.6650425,49.78323008
58996169409,3532,51.40148545,47.5322525,49.78541755
58996169409,3532,48.16934964,47.5322525,49.78541755
59030328836,3552,50.06187833,47.74365833,49.84095903
59030328836,3552,45.65441615,47.74365833,49.84095903
59030328836,3552,53.80658261,47.74365833,49.84095903
59154352024,3454,49.8470102,40.33584,49.8470102
59061338043,3571,49.86804134,45.43473,49.86804134
59182170804,3581,49.88506512,45.78175167,49.88506512
59213170494,3571,49.88568193,45.43473,49.88568193
59123342228,3553,49.62727993,45.6650425,49.89998419
59123342228,3553,49.12811772,45.6650425,49.89998419
59123342228,3553,50.94455491,45.6650425,49.89998419
59216355124,3524,49.9225225,43.83816417,49.9225225
58937331068,3512,49.93027097,49.65118417,49.93027097
59089168665,3543,49.94270648,42.59304,49.94270648
59185338260,3584,49.97241009,41.01686,49.97241009
59275201029,3534,49.78469199,45.4540825,50.01204733
59275201029,3534,44.95629967,45.4540825,50.01204733
59275201029,3534,55.29515032,45.4540825,50.01204733
58968320373,3523,46.62560749,48.08086417,50.1041075
58968320373,3523,53.58260752,48.08086417,50.1041075
59058171145,3572,50.13246147,45.9200025,50.13246147
59061330510,3531,50.15999901,48.0142775,50.15999901
58965162899,3582,52.13542633,47.64370083,50.17593368
58965162899,3582,46.37067786,47.64370083,50.17593368
58965162899,3582,52.02169685,47.64370083,50.17593368
58999345545,3572,50.17825197,45.9200025,50.17825197
59182170556,3524,50.22563687,43.83816417,50.22563687
59275194395,3515,50.26076117,47.45067,50.26076117
59027169967,3532,53.49600964,47.5322525,50.26165854
59027169967,3532,51.60237082,47.5322525,50.26165854
59027169967,3532,52.29303885,47.5322525,50.26165854
59027169967,3532,43.65521485,47.5322525,50.26165854
58934173067,3523,50.31987442,48.08086417,50.31987442
59027167859,3582,50.37506141,47.64370083,50.37506141
58965163333,3515,50.45392608,47.45067,50.38489158
58965163333,3515,50.31585708,47.45067,50.38489158
59185335377,3512,50.42062767,49.65118417,50.42062767
58934171796,3522,50.43766159,47.2258175,50.43766159
59213171982,3553,50.43931153,45.6650425,50.43931153
59092330355,3533,50.44562556,47.4578575,50.44562556
59247403515,3543,50.44647056,42.59304,50.44647056
58965164790,3544,50.44991315,44.815645,50.44991315
59027168138,3523,50.45645553,48.08086417,50.45645553
58934173191,3522,50.45897558,47.2258175,50.45897558
59213174493,3527,54.55693387,47.73482,50.46769056
59213174493,3527,51.65094925,47.73482,50.46769056
59213174493,3527,45.19518858,47.73482,50.46769056
59120172974,3563,50.46996685,44.75394083,50.46996685
56175179143,3554,50.49653403,45.82780167,50.49653403
59278395393,3511,50.52126091,49.5558975,50.52126091
59061334726,3561,50.55552195,45.09513833,50.54710761
59061334726,3561,50.53869328,45.09513833,50.54710761
59120173656,3554,50.55427667,45.82780167,50.55427667
58996171114,3452,50.5748589,40.16425833,50.5748589
59185334137,3451,50.63294475,38.51100417,50.63294475
59244195232,3585,42.69662215,67.88462833,50.6408912
59244195232,3585,59.01224647,67.88462833,50.6408912
59244195232,3585,50.213805,67.88462833,50.6408912
58934170432,3582,53.74585197,47.64370083,50.70876241
58934170432,3582,51.89241271,47.64370083,50.70876241
58934170432,3582,49.4763588,47.64370083,50.70876241
58934170432,3582,47.72042616,47.64370083,50.70876241
59247394649,3581,50.71576887,45.78175167,50.71576887
59027169223,3453,50.75031089,38.32097417,50.75031089
58965161101,3572,50.75620755,45.9200025,50.75620755
58968325457,3571,50.77246556,45.43473,50.77246556
59092323132,3511,53.83841291,49.5558975,50.82553854
59092323132,3511,47.81266417,49.5558975,50.82553854
62041521121,3524,50.90303252,43.83816417,50.90303252
59182134999,3526,50.92575264,44.88250167,50.92575264
58934169998,3572,43.06122151,45.9200025,50.93617372
58934169998,3572,58.53336584,45.9200025,50.93617372
58934169998,3572,51.2139338,45.9200025,50.93617372
58996167859,3451,50.96568362,38.51100417,50.96568362
58934171455,3514,50.98789705,47.57139333,50.98789705
59185332804,3544,50.98798103,44.815645,50.98798103
59151171641,3552,52.90457845,47.74365833,50.99246143
59151171641,3552,42.12258129,47.74365833,50.99246143
59151171641,3552,58.61269379,47.74365833,50.99246143
59151171641,3552,50.32999218,47.74365833,50.99246143
58965163953,3582,50.18983044,47.64370083,50.99350417
58965163953,3582,49.1346282,47.64370083,50.99350417
58965163953,3582,52.83769961,47.64370083,50.99350417
58965163953,3582,51.81185846,47.64370083,50.99350417
59185340027,3544,50.99455356,44.815645,50.99455356
59154353667,3527,49.52034899,47.73482,51.06148981
59154353667,3527,52.60263062,47.73482,51.06148981
59244195015,3581,52.00826437,45.78175167,51.07195486
59244195015,3581,50.13564536,45.78175167,51.07195486
59061336772,3522,50.67053073,47.2258175,51.10118939
59061336772,3522,51.53184804,47.2258175,51.10118939
59182172788,3452,51.10374993,40.16425833,51.10374993
59244189683,3582,45.47888207,47.64370083,51.13624646
59244189683,3582,56.79361085,47.64370083,51.13624646
58965161504,3581,48.58662613,45.78175167,51.16811324
58965161504,3581,53.74960035,45.78175167,51.16811324
58996170184,3544,51.18846356,44.815645,51.18846356
59182170804,3581,51.20905419,45.78175167,51.20905419
58934169254,3551,55.59371662,47.36161167,51.22513677
58934169254,3551,52.05119768,47.36161167,51.22513677
58934169254,3551,55.51910777,47.36161167,51.22513677
58934169254,3551,41.736525,47.36161167,51.22513677
58996167642,3513,46.45936167,56.14895667,51.28022895
58996167642,3513,56.10109624,56.14895667,51.28022895
58934171672,3554,51.28072332,45.82780167,51.28072332
59244190582,3534,52.51346666,45.4540825,51.31943006
59244190582,3534,51.00627064,45.4540825,51.31943006
59244190582,3534,50.43855289,45.4540825,51.31943006
59092325240,3523,51.08104696,48.08086417,51.339966
59092325240,3523,51.59888505,48.08086417,51.339966
59030325798,3582,51.3786122,47.64370083,51.3786122
59120168913,3523,51.85216806,48.08086417,51.37878927
59120168913,3523,50.90541048,48.08086417,51.37878927
59089168231,3511,49.04358521,49.5558975,51.41110254
59089168231,3511,53.77861988,49.5558975,51.41110254
59089170308,3581,53.89292225,45.78175167,51.45379436
59089170308,3581,49.01466648,45.78175167,51.45379436
58965163023,3581,51.46745822,45.78175167,51.46745822
58965164077,3522,51.48623116,47.2258175,51.48623116
59185338260,3584,51.55208326,41.01686,51.55208326
59247397625,3453,51.6040498,38.32097417,51.6040498
58934170959,3554,51.61555809,45.82780167,51.61555809
59151172571,3527,50.09460452,47.73482,51.63683188
59151172571,3527,53.17905925,47.73482,51.63683188
58934172664,3555,51.64726768,42.7075625,51.64726768
59061337423,3544,52.57177397,44.815645,51.64981717
59061337423,3544,50.72786037,44.815645,51.64981717
59151173687,3515,51.6645673,47.45067,51.6645673
59120171796,3552,51.68944037,47.74365833,51.68944037
59185335656,3522,51.72445644,47.2258175,51.72445644
59275200533,3551,51.87829287,47.36161167,51.74270754
59275200533,3551,51.60712221,47.36161167,51.74270754
59182171455,3514,51.74683718,47.57139333,51.74683718
59030327999,3527,51.75414391,47.73482,51.75414391
59278398989,3526,51.78606281,44.88250167,51.78606281
59058171362,3531,49.85882897,48.0142775,51.8094984
59058171362,3531,53.76016784,48.0142775,51.8094984
58996172168,3582,51.88984792,47.64370083,51.88984792
59027169471,3522,51.89700487,47.2258175,51.89700487
59247393719,3552,51.92347024,47.74365833,51.92347024
59120173067,3514,51.97977989,47.57139333,51.94935513
59120173067,3514,51.91893036,47.57139333,51.94935513
59185335842,3527,52.00727631,47.73482,52.00727631
59061339965,3521,45.6721021,55.029855,52.04200229
59061339965,3521,58.41190249,55.029855,52.04200229
58934169502,3572,52.04293068,45.9200025,52.04293068
59058173966,3523,52.06008576,48.08086417,52.06008576
59061340244,3553,52.06554295,45.6650425,52.06554295
59058171858,3453,52.06833983,38.32097417,52.06833983
59216346692,3511,48.81618145,49.5558975,52.08805477
59216346692,3511,52.61328087,49.5558975,52.08805477
59216346692,3511,54.83470199,49.5558975,52.08805477
58937336896,3552,52.10546444,47.74365833,52.10546444
58996168262,3523,52.12236474,48.08086417,52.12236474
59213171951,3582,52.12658756,47.64370083,52.12658756
58965165720,3532,52.29888402,47.5322525,52.13757596
58965165720,3532,51.9762679,47.5322525,52.13757596
59278399206,3551,52.20542327,47.36161167,52.20542327
59216354380,3581,52.21208775,45.78175167,52.21208775
59244194643,3573,52.29154477,40.97689417,52.29154477
59030328495,3524,52.33016779,43.83816417,52.33016779
59120169595,3582,52.41245175,47.64370083,52.41245175
58934171548,3527,52.41833894,47.73482,52.41833894
59216349234,3531,54.28519838,48.0142775,52.50174232
59216349234,3531,50.71828625,48.0142775,52.50174232
58996170060,3525,56.92005592,45.97466417,52.51274577
58996170060,3525,47.35951501,45.97466417,52.51274577
58996170060,3525,53.25866637,45.97466417,52.51274577
59151173687,3515,52.52616128,47.45067,52.52616128
58934173966,3521,52.62926772,55.029855,52.62926772
59027171269,3514,53.47192356,47.57139333,52.65907731
59027171269,3514,51.84623106,47.57139333,52.65907731
58934170060,3527,52.66752537,47.73482,52.66752537
59092323752,3514,52.69743325,47.57139333,52.69743325
58996171765,3522,52.72008848,47.2258175,52.72008848
59027169006,3551,52.75486831,47.36161167,52.75486831
59123345731,3544,54.08849291,44.815645,52.82173642
59123345731,3544,51.55497993,44.815645,52.82173642
59089170401,3521,52.85697554,55.029855,52.85697554
59030332370,3512,52.89893287,49.65118417,52.89893287
59244189869,3582,52.48626131,47.64370083,53.00382048
59244189869,3582,53.52137965,47.64370083,53.00382048
58934173284,3532,53.03357305,47.5322525,53.03357305
58968316715,3533,53.0408941,47.4578575,53.0408941
58999341856,3582,42.19876067,47.64370083,53.0949919
58999341856,3582,65.57096362,47.64370083,53.0949919
58999341856,3582,51.51525142,47.64370083,53.0949919
58996171796,3562,53.09697522,44.67627833,53.09697522
59213173594,3527,53.10096869,47.73482,53.10096869
58937330820,3552,53.11275535,47.74365833,53.11275535
59027168851,3524,53.11533992,43.83816417,53.11533992
59061330696,3514,53.11831387,47.57139333,53.11831387
59123340430,3571,53.13229004,45.43473,53.13229004
59275199758,3554,53.16688693,45.82780167,53.16688693
59247389441,3531,53.17905925,48.0142775,53.17905925
59120170339,3553,53.29307456,45.6650425,53.29307456
58965163488,3511,53.31996206,49.5558975,53.31996206
58999341329,3514,53.79760485,47.57139333,53.3339636
58999341329,3514,52.87032236,47.57139333,53.3339636
59058173129,3582,57.1432804,47.64370083,53.47163123
59058173129,3582,49.79998207,47.64370083,53.47163123
59216350939,3532,53.4841728,47.5322525,53.4841728
58965161225,3522,59.45583389,47.2258175,53.50896137
58965161225,3522,51.5306797,47.2258175,53.50896137
58965161225,3522,49.54037052,47.2258175,53.50896137
59213172013,3533,53.55453858,47.4578575,53.55453858
59216350350,3512,53.58393687,49.65118417,53.58393687
58934170525,3513,46.54198781,56.14895667,53.59109131
58934170525,3513,55.04416411,56.14895667,53.59109131
58934170525,3513,52.52337669,56.14895667,53.59109131
58934170525,3513,60.25483661,56.14895667,53.59109131
59061329828,3544,53.59354695,44.815645,53.59354695
58937331347,3527,53.68658435,47.73482,53.68658435
58968324372,3572,53.75263568,45.9200025,53.75263568
59185331719,3527,53.80878276,47.73482,53.80878276
58965161411,3582,53.86406102,47.64370083,53.86406102
59247394649,3581,53.90236267,45.78175167,53.90236267
59154356767,3552,55.0969897,47.74365833,53.91506384
59154356767,3552,52.73313799,47.74365833,53.91506384
59123341670,3573,53.95240146,40.97689417,53.95240146
58999342724,3523,53.99786953,48.08086417,53.99786953
59030327937,3512,54.13933718,49.65118417,54.13933718
59123345886,3513,50.24870077,56.14895667,54.1644691
59123345886,3513,58.08023742,56.14895667,54.1644691
59030331998,3532,54.22536809,47.5322525,54.22536809
59058171238,3581,54.27953249,45.78175167,54.27953249
59027168448,3552,54.35866827,47.74365833,54.35866827
58934171052,3512,54.36949973,49.65118417,54.36949973
59120173222,3513,49.14982702,56.14895667,54.43512998
59120173222,3513,59.72043293,56.14895667,54.43512998
59275200533,3551,53.77346007,47.36161167,54.45705236
59275200533,3551,55.14064464,47.36161167,54.45705236
58937338291,3512,61.70108044,49.65118417,54.46262346
58937338291,3512,53.11762808,49.65118417,54.46262346
58937338291,3512,48.56916184,49.65118417,54.46262346
59030331657,3553,54.52590841,45.6650425,54.52590841
59061335067,3544,54.52654053,44.815645,54.52654053
59120169099,3571,58.87462402,45.43473,54.54377182
59120169099,3571,50.21291961,45.43473,54.54377182
59278395393,3511,54.57905329,49.5558975,54.57905329
58996171021,3522,51.45270956,47.2258175,54.64643208
58996171021,3522,59.73882096,47.2258175,54.64643208
58996171021,3522,52.74776571,47.2258175,54.64643208
59213170308,3551,54.67715941,47.36161167,54.67715941
58999339004,3531,54.67889751,48.0142775,54.67889751
59123343065,3512,54.73828139,49.65118417,54.70716435
59123343065,3512,54.67604732,49.65118417,54.70716435
58968317149,3523,55.03814418,48.08086417,55.03814418
58968319257,3551,55.97922077,47.36161167,55.97922077
58968325643,3513,59.17174726,56.14895667,56.10565532
58968325643,3513,54.99121465,56.14895667,56.10565532
58968325643,3513,51.81695683,56.14895667,56.10565532
58968325643,3513,58.44270255,56.14895667,56.10565532
59030325271,3551,56.11769965,47.36161167,56.11769965
59120173191,3551,60.7921972,47.36161167,56.31779229
59120173191,3551,51.84338737,47.36161167,56.31779229
59151173408,3544,56.33290247,44.815645,56.33290247
58996168386,3521,56.96310053,55.029855,56.96310053
59123341422,3525,57.48218752,45.97466417,57.48218752
59247393719,3552,57.50649434,47.74365833,57.50649434
56175182646,3521,57.53676731,55.029855,57.53676731
59244194023,3513,57.61825431,56.14895667,57.61825431
59154361386,3512,57.63284605,49.65118417,57.63284605
58937339097,3511,65.64131347,49.5558975,57.93975084
58937339097,3511,50.2381882,49.5558975,57.93975084
59244194488,3553,58.14646038,45.6650425,58.14646038
59058173346,3513,58.39799091,56.14895667,58.39799091
58937331750,3544,59.21218417,44.815645,59.21218417
58934173966,3521,59.67376593,55.029855,59.67376593
59120169657,3513,60.27388644,56.14895667,60.27388644
59089170525,3526,60.68963319,44.88250167,60.68963319
56175178678,3531,61.95876096,48.0142775,61.95876096
59213170184,3512,61.96969964,49.65118417,61.96969964
58934170556,3532,65.15588997,47.5322525,65.15588997
59185335222,3533,66.07349077,47.4578575,66.07349077
59058171176,3581,66.61794472,45.78175167,66.61794472
