pc4_code,rivm_nsl_2
"3273.0",20.05136
"3311.0",23.60353
"3319.0",21.18012
"3481.0",17.34257
"3571.0",21.33071
"3749.0",13.06462
"3763.0",12.83940
"3819.0",27.20296
"3844.0",16.68558
"4017.0",19.86152
"4106.0",14.86145
"4174.0",16.38529
"4181.0",27.86587
"4416.0",22.36847
"4423.0",19.20109
"4471.0",13.51829
"4491.0",12.68343
"4521.0",14.39802
"4693.0",14.16212
"4701.0",19.72340
"4766.0",19.51287
"4826.0",19.00014
"4836.0",20.44498
"5012.0",25.05886
"5172.0",16.84002
"5237.0",19.42830
"5249.0",15.26676
"5255.0",15.18021
"5268.0",14.67038
"5294.0",15.52614
"5315.0",16.79792
"5345.0",15.83772
"5361.0",15.59997
"5491.0",24.32596
"5628.0",19.47997
"5643.0",20.08809
"5735.0",20.35231
"5757.0",16.50954
"5763.0",15.37077
"5827.0",15.17364
"5871.0",15.15377
"5931.0",21.52791
"5993.0",15.82389
"6006.0",13.43791
"6012.0",13.76544
"6024.0",13.85358
"6044.0",20.30663
"6251.0",12.05606
"6311.0",11.69040
"6369.0",12.69282
"6411.0",21.60608
"6439.0",13.72998
"6444.0",15.70358
"6446.0",15.55471
"6574.0",16.86292
"7035.0",15.36387
"7076.0",15.88054
"7102.0",14.64494
"7157.0",13.60033
"7224.0",13.40005
"7314.0",15.72000
"7399.0",12.67333
"7413.0",16.04037
"7443.0",12.79364
"7543.0",16.45489
"7642.0",15.25995
"7766.0",10.67928
"7775.0",11.32568
"7814.0",12.73256
"7861.0",10.51832
"7914.0",11.78876
"7921.0",10.97303
"7928.0",10.37331
"7933.0",13.24741
"7964.0",9.93350
"8071.0",11.53730
"8221.0",12.84262
"8223.0",11.77996
"8271.0",11.92387
"8321.0",12.00000
"8347.0",9.69511
"8371.0",9.82114
"8395.0",10.01805
"8431.0",9.78241
"8515.0",11.18117
"8611.0",9.67580
"8631.0",11.03447
"8635.0",9.92898
"8658.0",9.84953
"8749.0",9.84772
"8755.0",9.75261
"8851.0",9.38000
"9005.0",10.22091
"9212.0",10.00689
"9244.0",11.11375
"9246.0",9.71834
"9333.0",9.02784
"9433.0",9.83309
"9443.0",9.60740
"9483.0",9.58891
"9502.0",11.49996
"9655.0",9.34277
"9735.0",12.24090
"9756.0",10.46929
"9771.0",9.85767
"9791.0",10.23135
"9822.0",9.81601
"9844.0",8.73145
"9865.0",9.63227
"9931.0",9.50131
"9971.0",9.36312
"2524.0",23.25630
"2662.0",20.64559
"1052.0",25.51572
"1108.0",19.17702
"1121.0",15.46563
"1216.0",16.08646
"1217.0",14.09350
"1335.0",13.70866
"1401.0",15.80573
"1428.0",15.43518
"1602.0",11.27518
"1634.0",13.92664
"1703.0",14.26710
"1751.0",10.69463
"1782.0",13.22032
"1787.0",10.17499
"1821.0",15.81566
"1941.0",19.54590
"1963.0",15.53991
"2223.0",16.99601
"2251.0",19.42362
"2267.0",22.85522
"2331.0",18.55533
"2514.0",26.36688
"2517.0",21.20053
"2721.0",19.29703
"2741.0",19.50631
"2802.0",20.83277
"2872.0",17.96405
"2953.0",21.77732
"2988.0",21.76570
"3022.0",25.36298
"3122.0",24.28269
"3208.0",18.64000
"3209.0",17.85532
"1018.0",23.39971
"1024.0",21.05452
"1118.0",38.98016
"1214.0",16.76423
"1223.0",14.92580
"1334.0",14.27415
"1363.0",13.45009
"1405.0",14.63169
"1427.0",16.99024
"1486.0",12.36780
"1628.0",13.02993
"1689.0",15.47843
"1778.0",11.90625
"1873.0",9.58014
"1931.0",10.90000
"2114.0",12.50677
"2156.0",23.55494
"2163.0",16.60912
"2171.0",17.02294
"2204.0",12.67659
"2231.0",16.87119
"2315.0",20.36471
"2402.0",18.67432
"2403.0",16.45001
"2421.0",13.64363
"2491.0",27.31812
"2561.0",21.88988
"2574.0",24.12458
"2581.0",20.62000
"2673.0",19.81187
"2685.0",20.09515
"2855.0",14.92822
"2957.0",17.71103
"3032.0",26.68786
"3142.0",21.99646
"3198.0",19.33509
"3203.0",20.44668
"3253.0",11.76702
"3318.0",21.27427
"3342.0",23.90495
"3433.0",23.86040
"3444.0",16.31090
"3466.0",17.79722
"3512.0",23.89203
"3544.0",19.54949
"3552.0",21.52997
"3721.0",16.62753
"3755.0",13.86932
"3811.0",18.53851
"3816.0",27.12338
"3906.0",15.09241
"4014.0",16.05735
"4103.0",15.67399
"4197.0",14.72415
"4202.0",22.88883
"4335.0",15.55925
"4431.0",15.28992
"4486.0",13.01775
"4614.0",19.86745
"4702.0",19.27035
"4708.0",17.20589
"4758.0",21.96440
"5061.0",18.38326
"5076.0",15.72232
"5105.0",16.67702
"5125.0",16.66820
"5141.0",19.41715
"5222.0",24.61160
"5231.0",22.43481
"5241.0",21.53683
"5251.0",17.82029
"5324.0",15.84959
"5344.0",18.39962
"5403.0",17.04515
"5464.0",17.42358
"5481.0",14.98345
"5501.0",19.07730
"5508.0",16.93670
"5581.0",15.85433
"5706.0",16.95722
"5756.0",17.16227
"5872.0",14.70925
"5915.0",16.12050
"6014.0",15.78609
"6021.0",14.04233
"6096.0",15.95148
"6155.0",13.73740
"6165.0",17.07209
"6373.0",14.50178
"6464.0",13.24630
"6825.0",26.44410
"6922.0",16.64039
"6982.0",15.03047
"7037.0",15.55188
"7041.0",17.22153
"7223.0",13.17935
"7425.0",14.22748
"7461.0",15.53966
"7482.0",14.02004
"7611.0",14.11304
"7635.0",11.68045
"7731.0",11.50453
"7741.0",11.49661
"7761.0",11.15256
"7776.0",11.67846
"7846.0",10.51256
"7872.0",10.60000
"8028.0",15.20491
"8251.0",11.98206
"8253.0",12.01086
"8262.0",14.22478
"8346.0",12.11002
"8398.0",9.97903
"8404.0",10.47148
"8421.0",9.75000
"8437.0",9.17713
"8511.0",10.11730
"8606.0",11.14447
"8754.0",10.08932
"8814.0",10.40967
"9076.0",8.36182
"9206.0",10.71784
"9263.0",10.45957
"9264.0",9.45582
"9307.0",9.02822
"9405.0",11.03389
"9406.0",14.79640
"9413.0",10.64863
"9419.0",10.45194
"9466.0",9.58086
"9497.0",9.70691
"9614.0",9.73070
"9623.0",9.39741
"9672.0",11.74198
"9821.0",9.59681
"9824.0",11.54797
"9957.0",8.22185
"9959.0",9.19998
"3222.0",16.70972
"8191.0",12.26874
"1026.0",15.89961
"1081.0",21.69531
"1109.0",18.94411
"1113.0",21.75102
"1154.0",11.99652
"1186.0",18.20836
"1191.0",19.49662
"1338.0",16.20941
"1391.0",20.29244
"1442.0",14.61464
"1507.0",18.53558
"1511.0",16.08336
"1661.0",11.70911
"1813.0",16.54705
"1844.0",11.88904
"1943.0",17.79559
"2024.0",17.63324
"2065.0",21.24735
"2135.0",17.86883
"2153.0",18.86861
"2406.0",18.27975
"2408.0",17.99009
"2596.0",24.72777
"2616.0",20.69214
"2636.0",20.08070
"2715.0",23.21101
"2808.0",19.87157
"2821.0",16.21814
"2989.0",25.21239
"2992.0",22.58085
"3039.0",25.80547
"3082.0",23.84733
"3134.0",27.27077
"3151.0",19.52063
"3199.0",32.87776
"3202.0",21.81896
"3204.0",19.73319
"3206.0",18.41000
"3221.0",14.17801
"3232.0",17.88095
"3251.0",13.82947
"3316.0",24.84785
"3364.0",20.03288
"3545.0",25.72869
"3572.0",22.18038
"3602.0",17.41030
"3771.0",15.00960
"3842.0",16.15791
"4101.0",13.77767
"4119.0",14.09486
"4122.0",21.44174
"4128.0",21.27491
"4182.0",16.19392
"4191.0",17.20824
"4254.0",24.26905
"4303.0",13.58247
"4308.0",13.12496
"4356.0",12.81701
"4474.0",13.60186
"4493.0",12.82837
"4501.0",14.02276
"4539.0",16.64859
"4543.0",14.81155
"4571.0",15.01296
"4655.0",15.29387
"4691.0",14.73754
"4696.0",13.64417
"4724.0",16.54248
"4744.0",16.97479
"4903.0",18.29676
"4941.0",20.86656
"5032.0",17.36520
"5052.0",19.17398
"5063.0",18.81927
"5089.0",14.66161
"5113.0",14.38425
"5143.0",17.31004
"5296.0",15.53700
"5313.0",15.14032
"5327.0",16.09677
"5331.0",16.47398
"5455.0",14.64359
"5524.0",15.14979
"5631.0",18.65606
"5708.0",16.22045
"5741.0",17.74469
"5815.0",15.16538
"6001.0",23.23439
"6051.0",20.17023
"6088.0",14.97585
"6097.0",15.55794
"6333.0",12.82971
"6445.0",15.01991
"6524.0",20.07868
"6641.0",19.11041
"6642.0",20.00894
"6663.0",19.79000
"6971.0",14.24368
"7051.0",15.59828
"7241.0",15.09000
"7271.0",15.33123
"7317.0",15.93164
"7336.0",16.16562
"7576.0",13.69623
"7577.0",14.60609
"7585.0",13.84630
"7662.0",11.17266
"7902.0",13.03949
"7906.0",13.13699
"7946.0",10.69623
"7961.0",11.00000
"7986.0",9.76705
"8016.0",13.21369
"8026.0",12.22624
"8066.0",10.40994
"8096.0",11.60847
"8105.0",11.79977
"8222.0",11.87855
"8334.0",12.16952
"8343.0",10.82931
"8385.0",9.42535
"8406.0",9.83562
"8443.0",11.58810
"8446.0",11.54034
"8462.0",9.95986
"8466.0",11.83196
"8615.0",10.00941
"8621.0",9.98000
"8625.0",12.12067
"8628.0",10.18500
"8737.0",10.04514
"8742.0",10.52563
"8832.0",9.66496
"8842.0",9.83010
"8881.0",8.29143
"9011.0",10.20986
"9035.0",9.91607
"9075.0",8.59925
"9083.0",11.23974
"9106.0",8.92422
"9124.0",8.67977
"9221.0",10.27410
"9249.0",9.76916
"9485.0",9.93971
"9488.0",9.51770
"9527.0",9.70769
"9551.0",9.80925
"9699.0",9.77095
"9773.0",12.30180
"9792.0",10.28659
"9827.0",16.74180
"9861.0",9.47011
"9883.0",8.82000
"9973.0",8.25970
"9987.0",8.38058
"4901.0",20.40873
"8442.0",12.19822
"1022.0",19.95691
"1057.0",23.74168
"1064.0",20.94384
"1271.0",14.78906
"1318.0",15.10107
"1396.0",16.65135
"1461.0",16.75158
"1475.0",13.38929
"1482.0",13.34336
"1541.0",18.74365
"1627.0",13.09248
"1705.0",13.58072
"1759.0",9.47321
"1851.0",14.56345
"1945.0",17.71250
"1969.0",12.82037
"2143.0",22.15703
"2203.0",19.24319
"2324.0",21.03175
"2381.0",17.66048
"2445.0",15.65473
"2692.0",19.62030
"2694.0",18.42729
"2902.0",22.50654
"2941.0",17.50473
"3025.0",26.42904
"3062.0",22.79935
"3067.0",24.91950
"3081.0",27.04803
"3191.0",22.42041
"3249.0",13.15177
"3261.0",19.87625
"3291.0",16.14925
"3336.0",20.72896
"3356.0",22.41448
"3513.0",27.88353
"3522.0",22.61448
"3632.0",21.25968
"3899.0",11.23203
"3903.0",21.89261
"3905.0",22.46519
"3953.0",23.95609
"3958.0",13.37432
"3959.0",13.52198
"4003.0",21.86874
"4013.0",16.84231
"4161.0",15.68194
"4171.0",19.87599
"4184.0",16.65334
"4301.0",16.62218
"4364.0",13.01120
"4462.0",16.31324
"4464.0",14.85177
"4511.0",14.48711
"4634.0",22.18113
"4794.0",22.44239
"4823.0",18.01285
"4875.0",18.45263
"4902.0",19.12212
"5087.0",14.14763
"5124.0",19.50642
"5281.0",14.67671
"5292.0",15.26905
"5394.0",14.47975
"5396.0",14.40370
"5409.0",15.10902
"5423.0",14.84714
"5525.0",15.14413
"5554.0",15.72989
"5561.0",13.92194
"5835.0",15.73293
"5854.0",15.23065
"5861.0",15.21427
"5951.0",20.59387
"6015.0",13.86056
"6105.0",13.94761
"6111.0",15.07376
"6118.0",15.32595
"6122.0",17.10818
"6137.0",15.12000
"6143.0",17.73198
"6176.0",14.31842
"6245.0",14.56200
"6365.0",15.67957
"6454.0",12.87656
"6456.0",13.02545
"6512.0",26.99637
"6601.0",19.49362
"6686.0",14.76280
"6691.0",16.00074
"6705.0",14.88742
"6745.0",19.07297
"6941.0",15.01964
"6956.0",13.68419
"6983.0",14.97920
"6998.0",14.07671
"7075.0",17.72526
"7165.0",13.05004
"7251.0",13.39759
"7273.0",13.68258
"7274.0",13.76803
"7351.0",11.83934
"7561.0",14.13746
"7603.0",13.00000
"7610.0",13.55448
"7631.0",12.67024
"7638.0",11.74237
"7664.0",11.90583
"7675.0",12.27075
"7721.0",12.20139
"7811.0",13.89262
"7823.0",12.10000
"7905.0",16.45578
"7951.0",17.41606
"7957.0",12.71651
"7983.0",9.39598
"8017.0",14.19610
"8095.0",18.13734
"8144.0",11.69985
"8264.0",16.64039
"8311.0",10.30000
"8341.0",10.29026
"8376.0",10.36523
"8408.0",9.69016
"8467.0",10.47426
"8505.0",10.40785
"8553.0",9.81464
"8604.0",11.91853
"8633.0",10.56677
"8711.0",10.20673
"8744.0",10.48970
"8775.0",9.89078
"8805.0",9.72654
"8913.0",15.31080
"8926.0",10.86165
"9023.0",9.66590
"9041.0",9.54598
"9132.0",8.45237
"9166.0",6.97427
"9171.0",8.40240
"9255.0",9.62450
"9408.0",10.68163
"9412.0",11.98628
"9432.0",9.89186
"9462.0",10.51421
"9533.0",10.26894
"9561.0",10.53094
"9603.0",10.21914
"9621.0",9.60915
"9645.0",10.87712
"9657.0",9.27617
"9728.0",11.94207
"9732.0",12.50366
"9891.0",8.97722
"9915.0",8.29464
"9939.0",9.23453
"9953.0",9.75646
"9955.0",8.92542
"9983.0",10.00170
"3381.0",16.48271
"3415.0",14.56143
"3527.0",25.61221
"3703.0",16.97539
"3723.0",16.03577
"3829.0",18.32537
"3853.0",13.36218
"3888.0",11.62870
"3895.0",12.70126
"3896.0",12.53851
"3897.0",11.33239
"3945.0",12.92815
"4133.0",17.04790
"4273.0",16.49433
"4337.0",16.49635
"4338.0",15.41572
"4451.0",15.27229
"4456.0",15.50998
"4507.0",14.02032
"4515.0",14.42426
"4611.0",18.24962
"4661.0",17.20024
"4741.0",15.60375
"4756.0",15.07176
"4878.0",18.34787
"5021.0",21.08016
"5084.0",15.57790
"5091.0",15.79706
"5133.0",15.69830
"5144.0",21.19165
"5145.0",16.01604
"5236.0",17.20904
"5256.0",15.71894
"5346.0",15.54012
"5363.0",15.57445
"5371.0",18.40731
"5382.0",16.14623
"5391.0",15.35783
"5411.0",14.50984
"5435.0",15.88925
"5446.0",14.65386
"5449.0",14.88505
"5454.0",17.08897
"5502.0",20.53015
"5521.0",14.50080
"5553.0",14.25431
"5627.0",20.84053
"5641.0",18.16610
"5644.0",22.85255
"5694.0",16.65726
"5724.0",19.90358
"5803.0",18.64479
"5856.0",14.77872
"5922.0",19.77439
"5925.0",19.63129
"5927.0",16.91509
"6086.0",14.71303
"6104.0",14.79083
"6217.0",15.44449
"6418.0",15.03444
"6532.0",20.31902
"6533.0",18.91629
"6535.0",18.96007
"6596.0",15.29979
"6668.0",14.68084
"6713.0",17.06261
"6822.0",19.20578
"6832.0",25.14994
"6871.0",16.10435
"6996.0",13.33564
"7065.0",14.08327
"7141.0",15.15405
"7325.0",20.55396
"7333.0",16.18508
"7381.0",20.28065
"7383.0",15.70978
"7607.0",13.41775
"7671.0",13.11169
"7687.0",12.08691
"7735.0",12.20468
"7843.0",13.15229
"7851.0",10.25786
"7941.0",13.72772
"8153.0",12.07660
"8267.0",10.95198
"8305.0",11.29510
"8387.0",9.10046
"8414.0",9.49565
"8449.0",11.45014
"8458.0",10.45723
"8513.0",12.60130
"8527.0",10.35840
"8535.0",11.08603
"8607.0",10.68278
"8623.0",10.77994
"8644.0",9.99715
"8647.0",10.02000
"8845.0",9.87099
"8856.0",9.67920
"8857.0",10.17885
"8871.0",12.17539
"9036.0",9.88683
"9079.0",8.65083
"9084.0",14.38800
"9121.0",8.82597
"9122.0",8.73135
"9141.0",7.82663
"9203.0",16.65123
"9314.0",9.64026
"9459.0",9.64325
"9473.0",9.47379
"9531.0",10.51861
"9534.0",9.78324
"9753.0",11.14205
"9797.0",10.13129
"9885.0",8.45253
"9945.0",9.43450
"1695.0",13.19991
"3768.0",15.68279
"1058.0",25.05554
"1098.0",21.80897
"1102.0",22.72493
"1156.0",10.74439
"1175.0",27.40329
"1243.0",13.17884
"1272.0",14.16265
"1316.0",12.93818
"1424.0",17.47894
"1477.0",12.21577
"1504.0",19.62903
"1505.0",22.77379
"1608.0",10.48879
"1611.0",13.25856
"1617.0",12.35598
"1676.0",12.43068
"1775.0",12.66347
"1992.0",16.33738
"2031.0",19.04243
"2104.0",15.42642
"2201.0",17.55793
"2212.0",13.00889
"2232.0",18.19531
"2312.0",22.50237
"2342.0",22.00305
"2355.0",17.70719
"2412.0",17.36351
"2461.0",15.25543
"2471.0",15.96110
"2523.0",27.66773
"2761.0",17.73135
"2908.0",22.79411
"3024.0",27.72138
"3061.0",24.10977
"3074.0",26.71228
"3086.0",24.57925
"3216.0",15.10063
"3247.0",13.58494
"3271.0",19.16809
"3411.0",16.03000
"3461.0",17.63759
"3471.0",14.25201
"3524.0",24.50225
"3534.0",23.22877
"3542.0",22.79956
"3634.0",24.78841
"3762.0",15.10246
"3823.0",17.57932
"3886.0",12.38210
"3941.0",13.69724
"3991.0",18.37207
"4117.0",14.52183
"4205.0",20.73194
"4225.0",16.34079
"4247.0",15.17398
"4255.0",17.60809
"4463.0",15.96089
"4481.0",14.38696
"4508.0",13.80840
"4617.0",15.71361
"4858.0",17.96752
"4907.0",19.81751
"5018.0",21.77989
"5038.0",24.49835
"5215.0",25.93854
"5234.0",20.51820
"5305.0",15.81328
"5311.0",15.57505
"5366.0",14.51000
"5392.0",15.52786
"5397.0",14.49552
"5439.0",14.93494
"5447.0",15.30903
"5453.0",14.05030
"5492.0",16.48083
"5563.0",15.02598
"5622.0",20.86259
"5654.0",20.93466
"5658.0",17.89000
"5661.0",18.77553
"5715.0",22.38638
"5809.0",16.80788
"5824.0",15.50957
"5853.0",14.39110
"5865.0",19.58612
"6023.0",13.70890
"6171.0",16.45307
"6213.0",12.82217
"6221.0",18.67939
"6235.0",13.54898
"6269.0",12.54460
"6321.0",12.79722
"6372.0",16.61485
"6414.0",14.06973
"6466.0",15.25932
"6603.0",15.88968
"6629.0",14.03758
"6675.0",18.40775
"6684.0",18.51668
"6709.0",14.64068
"6845.0",22.56526
"6846.0",15.82053
"6891.0",14.81115
"6903.0",19.01652
"7021.0",14.40848
"7048.0",15.38618
"7151.0",14.70409
"7214.0",14.06973
"7263.0",13.69197
"7313.0",12.92503
"7326.0",17.42852
"7334.0",18.03073
"7339.0",14.52287
"7364.0",16.82105
"7414.0",14.68325
"7521.0",16.67829
"7545.0",16.70727
"7546.0",13.61357
"7625.0",14.69296
"7772.0",12.91056
"7827.0",12.08059
"7864.0",14.68491
"7877.0",10.18695
"7913.0",10.94417
"7917.0",10.67138
"8013.0",15.52120
"8112.0",13.41808
"8171.0",11.13394
"8211.0",11.59190
"8275.0",13.86333
"8315.0",10.23501
"8386.0",9.15577
"8433.0",9.46141
"8523.0",10.32393
"8582.0",9.73373
"8616.0",9.90584
"8759.0",10.04964
"8891.0",8.00782
"8911.0",15.48999
"8921.0",13.13000
"8936.0",12.75722
"9057.0",9.91507
"9105.0",9.27044
"9147.0",8.32508
"9213.0",9.68518
"9251.0",10.40000
"9296.0",9.06026
"9313.0",9.73283
"9469.0",9.64168
"9585.0",9.98661
"9625.0",9.18819
"9641.0",12.45436
"9721.0",13.73202
"9722.0",12.11000
"9734.0",11.41563
"9804.0",11.07205
"9833.0",9.73029
"9902.0",9.79650
"9946.0",8.47699
"9962.0",8.61962
"9988.0",7.83369
"9999.0",8.65656
"1974.0",12.90000
"1021.0",22.55699
"1034.0",19.88872
"1112.0",20.77380
"1276.0",15.15110
"1422.0",17.43277
"1451.0",14.87672
"1613.0",13.22014
"1616.0",12.56327
"1622.0",13.73436
"1641.0",12.92269
"2116.0",13.67615
"2235.0",18.16272
"2396.0",15.69452
"2492.0",21.16153
"2521.0",25.18445
"2672.0",23.49431
"2678.0",21.05888
"2722.0",23.68010
"2831.0",17.62000
"2954.0",20.08228
"2981.0",26.84231
"2982.0",23.02127
"3063.0",27.30364
"3124.0",20.34953
"3192.0",21.17671
"3201.0",22.08226
"3313.0",18.49757
"3436.0",23.48718
"3464.0",15.86846
"3525.0",24.93454
"3628.0",15.12444
"3992.0",24.97443
"4016.0",16.37013
"4156.0",16.10889
"4176.0",16.76609
"4221.0",20.36139
"4233.0",15.29952
"4382.0",18.96272
"4414.0",16.03372
"4433.0",14.55852
"4503.0",13.36487
"4561.0",14.94259
"4705.0",17.43200
"4715.0",15.24924
"4796.0",15.74978
"4824.0",19.42416
"4825.0",20.41236
"5011.0",22.93081
"5101.0",18.09728
"5142.0",18.98016
"5244.0",16.94782
"5368.0",14.46498
"5395.0",14.43836
"5528.0",14.22170
"5647.0",20.60911
"5712.0",14.71889
"5976.0",14.85795
"5981.0",18.66990
"6003.0",17.39013
"6095.0",15.48115
"6163.0",19.33275
"6164.0",17.07513
"6222.0",20.26824
"6252.0",11.95505
"6467.0",15.83285
"6471.0",13.33375
"6521.0",22.23818
"6538.0",21.03697
"6543.0",20.17735
"6545.0",24.74142
"6615.0",20.71581
"6616.0",16.32157
"6626.0",14.34842
"6661.0",15.96942
"6662.0",17.24375
"6718.0",14.74525
"6834.0",26.81683
"6882.0",20.59566
"7137.0",14.43879
"7434.0",12.40860
"7496.0",13.64693
"7523.0",15.77624
"7533.0",16.20002
"7555.0",16.76593
"7813.0",11.20994
"7911.0",11.69241
"7915.0",10.95689
"7931.0",12.23774
"7938.0",10.29551
"8081.0",12.83494
"8161.0",13.97705
"8361.0",9.93163
"8363.0",10.33582
"8375.0",10.61933
"8391.0",9.72000
"8485.0",9.99304
"8526.0",12.41753
"8538.0",10.23808
"8566.0",9.75428
"8571.0",9.80112
"8613.0",9.70646
"8724.0",9.84020
"8763.0",10.12663
"8806.0",9.71715
"8809.0",9.70284
"8816.0",10.27291
"8914.0",12.54405
"8931.0",13.23001
"9024.0",9.96187
"9072.0",8.30199
"9161.0",7.79647
"9164.0",7.09804
"9315.0",9.94397
"9447.0",9.44343
"9458.0",9.80369
"9474.0",9.19921
"9491.0",9.57917
"9574.0",9.88719
"9673.0",11.76000
"9682.0",8.94153
"9685.0",9.68300
"9718.0",16.11633
"9841.0",10.04200
"9905.0",9.34539
"9919.0",9.11686
"9969.0",7.64958
"9982.0",7.86495
"9998.0",8.58889
"2542.0",20.94579
"1015.0",24.44014
"1025.0",21.71378
"1044.0",19.33919
"1047.0",18.01979
"1055.0",25.64880
"1105.0",22.26584
"1106.0",18.83307
"1119.0",26.15142
"1231.0",12.87697
"1275.0",15.10536
"1339.0",14.83826
"1426.0",14.81842
"1441.0",16.06395
"1621.0",13.45784
"1704.0",12.44071
"1735.0",11.23046
"1871.0",9.62563
"2015.0",16.87499
"2033.0",20.37440
"2261.0",17.99874
"2292.0",22.36482
"2375.0",17.25012
"2376.0",17.42732
"2411.0",16.75949
"2553.0",18.26682
"2564.0",20.30911
"2566.0",18.81000
"2613.0",23.87659
"2665.0",21.36098
"2974.0",16.07735
"3038.0",28.64112
"3043.0",25.99953
"3077.0",27.55933
"3121.0",22.62311
"3227.0",13.78003
"3241.0",14.46980
"3521.0",26.80583
"3607.0",19.27909
"3626.0",17.45264
"3631.0",18.53576
"3775.0",11.90085
"3832.0",13.60182
"3891.0",12.61264
"3921.0",16.19680
"3981.0",27.74237
"3995.0",17.14897
"4223.0",16.71247
"4266.0",15.10180
"4287.0",15.75674
"4381.0",17.39459
"4482.0",18.85664
"4564.0",15.70122
"4584.0",14.24281
"4588.0",14.78551
"4613.0",17.98046
"4837.0",19.66062
"4854.0",19.88922
"4884.0",15.28848
"5111.0",
"5171.0",18.83087
"5302.0",21.36792
"5348.0",17.75707
"5383.0",15.24150
"5422.0",16.82011
"5583.0",15.43879
"5611.0",24.27409
"5751.0",18.93433
"5821.0",16.03601
"5954.0",15.82866
"6065.0",14.66200
"6077.0",14.25493
"6093.0",13.98922
"6102.0",15.17777
"6121.0",20.01560
"6162.0",18.82967
"6216.0",13.78452
"6307.0",11.15967
"6413.0",14.83403
"6566.0",16.75586
"6606.0",17.85836
"6611.0",14.94138
"6612.0",15.57224
"6681.0",18.83881
"6703.0",16.33120
"6812.0",17.66390
"6828.0",22.22939
"6869.0",16.03401
"6921.0",22.06384
"6932.0",17.16262
"6975.0",12.57554
"7031.0",15.77158
"7044.0",15.49055
"7046.0",14.78928
"7113.0",14.50386
"7132.0",15.25596
"7331.0",16.53150
"7341.0",16.31347
"7472.0",18.17622
"7497.0",13.15562
"7548.0",14.35891
"7626.0",13.71351
"7645.0",12.00854
"7845.0",12.27053
"7884.0",11.12007
"7936.0",10.46374
"7966.0",14.55463
"8012.0",17.04486
"8032.0",14.93689
"8033.0",13.86892
"8322.0",11.57398
"8326.0",11.71702
"8331.0",11.72979
"8339.0",10.87004
"8413.0",9.59678
"8457.0",10.22067
"8507.0",10.27425
"8525.0",10.44705
"8541.0",10.23076
"8603.0",11.34919
"8608.0",12.44617
"8772.0",10.81979
"8802.0",11.33392
"8835.0",9.85033
"8853.0",9.35795
"8895.0",7.98726
"9007.0",11.92594
"9013.0",9.96732
"9061.0",9.33175
"9107.0",8.92932
"9148.0",8.55476
"9297.0",8.97924
"9334.0",9.25782
"9336.0",9.59224
"9351.0",11.35845
"9435.0",10.36404
"9453.0",10.53088
"9495.0",9.47536
"9496.0",9.43254
"9525.0",9.43406
"9622.0",10.11672
"9656.0",9.43696
"9687.0",9.57904
"9714.0",15.02722
"9744.0",11.65175
"9781.0",10.10330
"9805.0",10.53381
"9933.0",10.30170
"9975.0",7.72161
"4211.0",16.29972
"1145.0",15.52890
"1181.0",21.49495
"1262.0",13.89839
"1274.0",12.51440
"1359.0",16.40195
"1402.0",15.48582
"1433.0",15.31588
"1601.0",12.88761
"1623.0",13.40977
"1693.0",11.95084
"1826.0",13.83528
"1852.0",11.91532
"1951.0",17.57051
"2013.0",19.25000
"2023.0",18.93052
"2295.0",20.59795
"2334.0",19.41638
"2407.0",22.05902
"2431.0",12.67173
"2432.0",13.14715
"2498.0",19.57936
"2611.0",24.37003
"3016.0",26.16757
"3056.0",24.89974
"3059.0",19.55850
"3078.0",26.30377
"3197.0",22.47490
"3235.0",14.62574
"2593.0",23.57474
"1033.0",25.03966
"1062.0",24.89436
"1065.0",23.76008
"1261.0",16.75659
"1361.0",15.46108
"1432.0",20.70336
"1508.0",20.69568
"1614.0",14.56883
"1682.0",12.68344
"1723.0",12.50366
"1767.0",11.20000
"1847.0",13.23743
"1964.0",16.53745
"1971.0",16.78208
"2037.0",17.92573
"2134.0",17.68683
"2182.0",17.00824
"2215.0",16.05982
"2282.0",24.08541
"2314.0",20.46500
"2547.0",21.84163
"2752.0",19.20008
"3088.0",31.10521
"3113.0",25.98946
"3123.0",22.16075
"3125.0",25.08566
"3137.0",21.12266
"3262.0",16.59237
"3267.0",13.93604
"3284.0",14.68733
"3403.0",15.12283
"3434.0",21.20263
"3441.0",18.12259
"3514.0",22.04169
"3564.0",19.43006
"3642.0",13.58499
"3722.0",14.58396
"3735.0",14.23433
"3742.0",14.44827
"3744.0",15.44795
"3761.0",16.53788
"3794.0",14.12362
"3814.0",18.87688
"3848.0",16.72918
"3881.0",12.10773
"3931.0",14.93023
"3998.0",13.75927
"4132.0",20.78391
"4147.0",15.83290
"4185.0",15.03399
"4245.0",15.40439
"4363.0",12.50010
"4374.0",12.55320
"4385.0",16.53000
"4386.0",14.33721
"4436.0",14.85985
"4454.0",15.57815
"4475.0",14.06552
"4574.0",15.22901
"4586.0",14.35850
"4681.0",14.98765
"4711.0",17.90615
"4771.0",18.48125
"4782.0",20.76008
"4841.0",17.31014
"4844.0",19.17716
"4851.0",19.15418
"5013.0",22.32247
"5017.0",20.93946
"5044.0",17.88557
"5046.0",20.04499
"5071.0",15.72778
"5232.0",22.12759
"5233.0",20.49152
"5245.0",19.43765
"5263.0",16.33899
"5316.0",14.80719
"5472.0",15.41196
"5503.0",24.44399
"5505.0",15.82734
"5621.0",19.79191
"5624.0",21.07308
"5843.0",14.69614
"5975.0",16.27161
"5977.0",15.23751
"6045.0",19.37681
"6061.0",14.77994
"6278.0",10.78281
"6286.0",11.96221
"6371.0",14.10823
"6573.0",18.41011
"6653.0",15.57247
"6744.0",14.98445
"6841.0",24.30968
"6881.0",14.91268
"6904.0",19.29990
"7205.0",15.64000
"7225.0",14.15303
"7242.0",14.38601
"7255.0",13.02786
"7312.0",13.42064
"7316.0",15.30937
"7332.0",16.94542
"7439.0",17.77027
"7468.0",14.17061
"7481.0",12.50119
"7581.0",13.39170
"7591.0",12.43279
"7605.0",16.37686
"7606.0",16.66456
"7621.0",16.95794
"7622.0",16.31527
"7685.0",11.63454
"7751.0",12.53011
"7944.0",12.39271
"7958.0",11.03255
"7975.0",9.93383
"7991.0",9.99117
"8024.0",13.88625
"8218.0",11.57469
"8239.0",12.56477
"8392.0",9.33177
"8403.0",9.82305
"8411.0",9.53686
"8506.0",13.99919
"8514.0",11.06443
"8517.0",11.94007
"8617.0",10.13245
"8636.0",9.92938
"8731.0",9.79000
"8741.0",10.06448
"8764.0",9.96199
"8765.0",10.51048
"8766.0",12.33972
"8813.0",12.32726
"8932.0",14.36969
"9037.0",9.36435
"9038.0",9.60292
"9045.0",9.37100
"9051.0",9.19338
"9102.0",9.00000
"9125.0",8.86158
"9205.0",11.07484
"9321.0",9.46000
"9341.0",9.15836
"9361.0",10.42056
"9365.0",10.25594
"9403.0",11.63447
"9445.0",9.58947
"9464.0",9.61686
"9472.0",9.49795
"9526.0",9.45208
"9536.0",10.40186
"9642.0",11.10500
"9784.0",10.53149
"9812.0",10.09700
"9871.0",9.57241
"9974.0",8.22565
"1706.0",12.05955
"3902.0",18.21936
"7608.0",13.12001
"1016.0",25.62729
"1054.0",24.79014
"1059.0",28.28333
"1073.0",30.80998
"1323.0",15.05002
"1327.0",14.85508
"1483.0",12.54428
"1485.0",12.10963
"1488.0",12.63648
"1531.0",15.82614
"1609.0",10.45643
"1687.0",12.11974
"1692.0",11.86140
"1736.0",11.82118
"1744.0",10.45498
"1783.0",9.68906
"2216.0",16.00601
"2321.0",21.17260
"2323.0",21.52128
"2332.0",20.92909
"2496.0",24.21985
"2541.0",21.19419
"2582.0",20.62986
"2612.0",23.14982
"2803.0",23.23666
"2807.0",17.36069
"2861.0",18.22790
"2912.0",21.19801
"2993.0",22.58665
"3034.0",24.83044
"3037.0",27.48663
"3041.0",26.70160
"3054.0",22.36162
"3071.0",26.33853
"3117.0",25.52444
"3135.0",25.30641
"3136.0",23.40880
"3195.0",24.91613
"3223.0",16.48708
"3264.0",15.58107
"3601.0",15.92949
"3773.0",15.67769
"3972.0",13.02861
"3984.0",15.74240
"4031.0",13.36598
"4051.0",16.32217
"4104.0",16.26032
"4285.0",16.45435
"4315.0",12.64278
"4388.0",15.46262
"4524.0",13.46563
"4765.0",23.14886
"4873.0",16.88522
"5048.0",20.94743
"5272.0",17.30772
"5318.0",15.56579
"5357.0",15.99618
"5404.0",19.68282
"5406.0",18.64266
"5421.0",16.71672
"5466.0",20.51124
"5476.0",15.58864
"5527.0",14.61355
"5552.0",16.05990
"5633.0",17.97647
"5642.0",20.10612
"5651.0",23.66712
"5664.0",17.69181
"5666.0",17.02633
"5984.0",16.00254
"6026.0",14.21895
"6031.0",15.89425
"6035.0",15.64862
"6071.0",17.47178
"6082.0",15.09023
"6562.0",14.65197
"6572.0",15.29861
"6628.0",14.05459
"6666.0",17.73706
"6674.0",27.11769
"6687.0",15.33365
"6924.0",14.80963
"6991.0",14.20818
"7107.0",14.96449
"7216.0",12.94059
"7447.0",11.59859
"7514.0",17.64254
"7554.0",15.71244
"7571.0",16.04940
"7588.0",12.26318
"7691.0",11.34898
"7739.0",11.50815
"7782.0",11.35690
"7796.0",11.86221
"7797.0",11.39123
"7863.0",10.50461
"7871.0",10.60975
"7876.0",10.14588
"8034.0",13.11198
"8045.0",14.69165
"8304.0",12.43480
"8325.0",11.16647
"8388.0",9.52852
"8455.0",9.73472
"8469.0",12.01840
"8501.0",10.57908
"8528.0",10.27915
"8614.0",9.89000
"8637.0",9.82749
"8715.0",9.91472
"8774.0",10.58325
"8823.0",9.74055
"8831.0",10.00000
"9078.0",8.29859
"9112.0",9.20482
"9151.0",8.15588
"9215.0",9.53173
"9284.0",9.29266
"9434.0",10.39835
"9573.0",9.70268
"9606.0",9.48352
"9626.0",9.07745
"9674.0",10.01508
"9684.0",8.87491
"9752.0",13.53605
"9766.0",10.17278
"9845.0",9.42603
"9866.0",9.27146
"9992.0",8.98749
"9993.0",9.82247
"1061.0",23.66162
"1072.0",26.69009
"1074.0",25.80969
"1093.0",23.62057
"1107.0",17.43626
"1171.0",31.32910
"1336.0",10.46598
"1355.0",13.82448
"1411.0",25.24056
"1412.0",14.70252
"1445.0",14.57895
"1448.0",16.13830
"1484.0",13.17636
"1509.0",16.87198
"1534.0",13.75164
"1625.0",15.26187
"1683.0",12.12621
"1746.0",12.31976
"1792.0",9.64183
"1942.0",20.14557
"2014.0",17.83922
"2022.0",17.08194
"2101.0",17.18353
"2131.0",20.72666
"2158.0",20.96966
"2165.0",16.18187
"2415.0",16.19577
"2545.0",21.12147
"2661.0",20.16319
"2712.0",23.32232
"2923.0",20.62714
"2975.0",16.10959
"3042.0",27.48619
"3146.0",19.46873
"3231.0",16.87306
"3258.0",15.20913
"3293.0",17.04490
"3332.0",23.02631
"3333.0",24.54613
"3334.0",20.71624
"3341.0",22.41105
"3344.0",22.02485
"3372.0",22.48474
"3431.0",22.56700
"3565.0",19.28187
"3653.0",13.68501
"3708.0",14.90418
"3817.0",17.42034
"3861.0",15.19683
"3927.0",14.40343
"4011.0",13.93037
"4024.0",12.87290
"4107.0",19.61844
"4214.0",20.36311
"4243.0",15.57347
"4307.0",13.51449
"4332.0",14.70673
"4371.0",14.20000
"4536.0",18.64500
"4567.0",14.37213
"4793.0",16.97881
"4814.0",20.78370
"4855.0",16.97266
"5126.0",15.82339
"5161.0",18.80439
"5266.0",15.24268
"5402.0",17.60087
"5445.0",15.26924
"5462.0",19.68673
"5463.0",16.48472
"5473.0",15.89496
"5689.0",19.43377
"5816.0",15.50768
"5862.0",14.88140
"5924.0",20.08714
"6028.0",13.23930
"6191.0",14.92779
"6214.0",17.68000
"6228.0",15.10804
"6262.0",11.57235
"6285.0",9.95124
"6294.0",10.18784
"6417.0",17.80134
"6422.0",17.05249
"6534.0",18.39535
"6582.0",24.17074
"6645.0",16.56498
"6654.0",16.00924
"6665.0",16.45007
"6676.0",20.20231
"6701.0",15.52517
"6733.0",12.78675
"6824.0",19.16749
"6914.0",14.90483
"6915.0",14.92439
"7061.0",15.66243
"7106.0",13.80536
"7134.0",14.38768
"7136.0",14.00865
"7421.0",17.31704
"7495.0",13.68459
"7525.0",13.10496
"7582.0",13.72735
"7663.0",12.10000
"7693.0",11.69139
"7756.0",11.28663
"7771.0",12.57983
"7781.0",12.31284
"7786.0",11.52986
"7794.0",11.07771
"7821.0",12.09478
"7824.0",12.81407
"7841.0",10.71077
"7853.0",9.62668
"7875.0",9.99966
"7910.0",10.44757
"7934.0",10.83284
"8031.0",18.48395
"8076.0",10.40990
"8097.0",11.31716
"8312.0",10.14163
"8397.0",11.49936
"8441.0",15.46397
"8563.0",10.10544
"8632.0",10.07577
"8808.0",9.92237
"8833.0",9.78676
"8885.0",8.00582
"8938.0",11.73882
"8939.0",10.90071
"8941.0",11.74159
"9087.0",10.92957
"9138.0",8.39906
"9144.0",8.24891
"9156.0",8.86851
"9173.0",8.56760
"9201.0",11.78161
"9231.0",9.63000
"9463.0",9.94995
"9503.0",10.30605
"9528.0",9.70805
"9584.0",10.22456
"9713.0",16.10000
"9733.0",11.49312
"9843.0",9.66812
"9881.0",8.84007
"9911.0",8.92784
"9985.0",8.59213
"9989.0",8.21009
"3353.0",22.48775
"3371.0",20.75225
"3373.0",17.34268
"3412.0",17.57877
"3541.0",26.85606
"3645.0",21.48979
"3651.0",13.20518
"3833.0",17.59661
"3845.0",15.37628
"4006.0",17.15551
"4115.0",13.65399
"4158.0",17.24483
"4196.0",14.37910
"4283.0",17.03849
"4328.0",12.43094
"4387.0",14.32630
"4533.0",15.79690
"4562.0",15.20000
"4882.0",15.09182
"4909.0",17.22441
"5102.0",16.32163
"5103.0",17.31700
"5157.0",15.66095
"5158.0",17.03934
"5221.0",16.16410
"5258.0",16.33484
"5261.0",20.51783
"5321.0",19.22297
"5556.0",13.27136
"5623.0",23.96122
"5753.0",15.70226
"5758.0",15.08057
"5817.0",17.80673
"5926.0",18.87828
"5964.0",15.61054
"6019.0",16.44088
"6124.0",15.25416
"6241.0",14.98227
"6431.0",15.76854
"6442.0",15.43323
"6655.0",17.02390
"6659.0",15.53286
"6685.0",20.14156
"6731.0",13.16935
"6901.0",17.57334
"7131.0",15.91883
"7201.0",16.86012
"7213.0",15.10997
"7328.0",16.41626
"7371.0",12.50601
"7451.0",12.90890
"7609.0",15.30107
"7651.0",13.45017
"7667.0",12.84036
"7738.0",11.07633
"7874.0",9.93960
"8043.0",14.13903
"8252.0",11.90716
"8309.0",10.84904
"8351.0",9.64962
"8373.0",9.89538
"8415.0",9.64364
"8477.0",13.06804
"8493.0",10.01917
"8581.0",9.73492
"8601.0",11.74337
"8612.0",9.78003
"8622.0",10.23620
"8651.0",10.59000
"8702.0",10.33692
"8713.0",9.89865
"8834.0",9.75220
"8861.0",12.27634
"8897.0",7.42870
"8915.0",12.05973
"8917.0",13.87698
"8923.0",11.45952
"8933.0",13.67675
"9146.0",8.50152
"9163.0",7.41017
"9233.0",9.60357
"9269.0",9.10571
"9364.0",10.25452
"9457.0",11.02823
"9471.0",9.97000
"9479.0",9.69580
"9601.0",12.52650
"9624.0",9.15299
"9659.0",9.50874
"9741.0",15.77911
"9863.0",9.36528
"9884.0",8.87904
"9937.0",9.89130
"9979.0",9.20863
"9991.0",10.11899
"8015.0",13.37374
"9302.0",10.03174
"1017.0",25.74430
"1045.0",18.01024
"1077.0",32.32151
"1135.0",13.14015
"1151.0",14.67523
"1185.0",19.70944
"1273.0",13.37599
"1311.0",15.76566
"1312.0",14.37724
"1331.0",11.28332
"1404.0",16.00200
"1473.0",12.13228
"1525.0",16.04223
"1671.0",12.41562
"1674.0",12.39714
"1713.0",11.62283
"1747.0",10.90356
"1788.0",10.66628
"1968.0",13.84372
"2191.0",14.14948
"2481.0",15.79101
"2493.0",21.53514
"2512.0",25.31201
"2533.0",20.54715
"2641.0",20.62847
"2729.0",19.38898
"2901.0",23.93038
"2922.0",21.50574
"3046.0",22.29712
"3085.0",25.91034
"3171.0",22.07163
"3225.0",15.71953
"1184.0",21.58026
"2642.0",20.52614
"1056.0",32.83410
"1078.0",24.55273
"1091.0",25.81140
"1161.0",19.50296
"1317.0",14.68147
"1343.0",12.38985
"1394.0",13.43271
"1398.0",18.62479
"1447.0",12.73980
"1458.0",12.71002
"1607.0",11.28544
"1633.0",15.79742
"1636.0",11.91816
"1648.0",13.24697
"1679.0",11.90429
"1796.0",9.34000
"1829.0",15.63619
"1946.0",17.64324
"1961.0",16.96022
"1991.0",18.33058
"2012.0",19.60926
"2141.0",19.33865
"2181.0",15.74039
"2242.0",14.59428
"2313.0",19.96307
"2495.0",25.40638
"2544.0",20.93000
"2713.0",21.95535
"3064.0",27.30866
"3176.0",22.94944
"3245.0",14.29679
"3297.0",19.26996
"3352.0",23.81714
"3361.0",21.22404
"3362.0",20.87249
"3455.0",15.71469
"3467.0",15.34968
"3604.0",22.15847
"3606.0",23.77472
"3701.0",16.58956
"3704.0",16.72459
"3824.0",16.89711
"3846.0",14.96776
"3871.0",15.92666
"3901.0",17.37351
"4131.0",23.10654
"4286.0",16.67710
"4357.0",12.50000
"4389.0",15.99582
"4505.0",13.00000
"4522.0",15.56504
"4527.0",13.20194
"4565.0",14.98803
"4612.0",17.66881
"5037.0",19.96267
"5041.0",20.37511
"5081.0",14.91420
"5156.0",17.70003
"5235.0",20.67259
"5248.0",16.72813
"5283.0",20.17633
"5334.0",18.87829
"5424.0",18.27486
"5469.0",16.26604
"5646.0",17.90707
"5656.0",21.40859
"5831.0",17.77989
"5864.0",16.48438
"5913.0",18.06579
"6083.0",14.15648
"6142.0",17.76323
"6261.0",11.41010
"6289.0",11.11990
"6351.0",12.50919
"6432.0",16.82421
"6461.0",15.19469
"6525.0",17.13464
"6542.0",20.36391
"6644.0",21.95522
"6717.0",17.39797
"6909.0",16.51804
"6953.0",16.47967
"7109.0",14.61459
"7115.0",15.32723
"7123.0",16.02179
"7391.0",16.58886
"7392.0",14.07245
"7395.0",14.38156
"7435.0",12.17117
"7441.0",11.51874
"7475.0",14.03439
"7535.0",15.09299
"7552.0",14.90462
"7574.0",15.58773
"7623.0",14.59776
"7683.0",11.82854
"7764.0",10.97326
"7791.0",11.35996
"7798.0",11.44029
"7812.0",12.50000
"7848.0",9.89229
"7855.0",9.96619
"7935.0",12.60044
"8085.0",11.40527
"8102.0",12.70262
"8103.0",13.05344
"8172.0",12.42820
"8301.0",12.96646
"8332.0",14.26939
"8355.0",9.95250
"8396.0",13.11388
"8432.0",9.35887
"8453.0",10.03383
"8488.0",10.32473
"8556.0",10.09046
"8701.0",11.05639
"8918.0",11.23642
"9071.0",8.70528
"9177.0",9.02190
"9202.0",12.40035
"9286.0",9.69098
"9289.0",9.56690
"9301.0",10.30000
"9422.0",9.89511
"9441.0",9.67033
"9467.0",9.41889
"9475.0",9.58569
"9521.0",9.88803
"9658.0",9.42981
"9665.0",10.38547
"9675.0",11.58463
"9723.0",15.07171
"9745.0",11.22401
"9967.0",8.08288
"9978.0",7.57375
"3292.0",16.50054
"3402.0",16.91335
"3421.0",15.73776
"3451.0",17.59210
"3515.0",21.84125
"3582.0",22.67080
"3648.0",13.76645
"3711.0",13.81396
"3743.0",16.09653
"3791.0",14.70196
"3812.0",21.99976
"3813.0",18.32249
"3831.0",13.42555
"3843.0",21.70560
"3847.0",12.74590
"3961.0",13.53366
"3962.0",13.71474
"4002.0",17.93516
"4157.0",23.13467
"4203.0",22.00765
"4284.0",15.67538
"4351.0",13.03333
"4453.0",15.79107
"4484.0",13.24849
"4525.0",12.82176
"4528.0",13.48214
"4531.0",21.37957
"4575.0",15.49873
"4576.0",15.14926
"4589.0",15.02669
"4859.0",19.27980
"4876.0",16.09724
"5176.0",15.85385
"5216.0",23.63355
"5306.0",16.12051
"5314.0",16.80093
"5335.0",15.30108
"5401.0",19.14137
"5513.0",14.34409
"5614.0",20.86113
"5616.0",23.55536
"5629.0",19.82434
"5652.0",22.75567
"5721.0",18.28182
"5737.0",16.70011
"5941.0",16.40474
"6075.0",12.90456
"6132.0",14.35488
"6225.0",16.28790
"6267.0",13.14862
"6268.0",11.93485
"6416.0",15.81497
"6419.0",16.31892
"6436.0",14.61795
"6443.0",15.55070
"6462.0",15.31787
"6468.0",18.64329
"6564.0",15.64287
"6576.0",15.57035
"6577.0",14.98563
"6591.0",16.16522
"6605.0",16.86896
"6617.0",14.93014
"6657.0",16.11675
"6831.0",25.62696
"6957.0",12.72307
"6988.0",17.51833
"6997.0",14.41223
"7008.0",15.80200
"7011.0",15.09047
"7078.0",15.11807
"7122.0",16.79361
"7203.0",15.00819
"7218.0",13.06075
"7232.0",14.71597
"7245.0",13.71712
"7417.0",21.56655
"7428.0",16.06753
"7522.0",14.33881
"7562.0",15.25581
"7587.0",13.76568
"7627.0",16.11522
"7678.0",12.37846
"7681.0",12.39468
"7694.0",11.72129
"7785.0",17.28061
"7895.0",11.04067
"7901.0",13.96897
"7903.0",13.76058
"7908.0",12.75431
"7948.0",10.72850
"8052.0",14.81182
"8107.0",11.79365
"8471.0",10.65224
"8503.0",12.53578
"8743.0",10.32038
"8752.0",12.25560
"8927.0",12.87592
"9062.0",9.55606
"9082.0",9.87856
"9091.0",9.27625
"9245.0",9.78382
"9283.0",9.78808
"9288.0",9.76712
"9292.0",9.09241
"9414.0",13.99466
"9417.0",11.65264
"9439.0",10.77205
"9442.0",9.59179
"9545.0",10.43667
"9628.0",10.19898
"9794.0",9.52582
"9796.0",11.10505
"9918.0",9.49279
"2591.0",21.01856
"3563.0",19.66545
"7483.0",14.82440
"1071.0",25.26188
"1326.0",14.82272
"1332.0",13.03828
"1423.0",14.68849
"1431.0",17.12110
"1536.0",14.58557
"1551.0",16.00082
"1562.0",14.65855
"1654.0",15.21095
"1711.0",11.57840
"1716.0",12.30000
"1771.0",11.34581
"1797.0",9.37000
"1814.0",18.88949
"1865.0",9.28000
"2061.0",15.42970
"2132.0",23.67848
"2266.0",19.05554
"2497.0",22.92230
"2511.0",26.51717
"2526.0",24.44233
"2562.0",23.13000
"2571.0",23.14000
"2627.0",20.99626
"2632.0",22.15605
"2905.0",20.43378
"2967.0",15.46010
"2991.0",21.76222
"3044.0",24.97317
"3138.0",19.63556
"3144.0",21.00851
"3162.0",23.02862
"3172.0",19.43511
"3212.0",15.82666
"1011.0",26.70526
"1013.0",22.65589
"1019.0",21.94944
"1086.0",21.38762
"1328.0",14.31341
"1383.0",15.76005
"1456.0",20.65049
"1489.0",14.20116
"1567.0",15.51955
"1756.0",10.79350
"1777.0",11.63844
"1779.0",
"1827.0",13.79836
"1843.0",12.06160
"1906.0",13.82354
"1921.0",14.65757
"2021.0",19.07695
"2042.0",11.51912
"2222.0",18.65730
"2273.0",21.64956
"2362.0",15.34488
"2394.0",18.66731
"2516.0",25.45955
"2626.0",20.11810
"2629.0",22.74203
"2652.0",20.90207
"2693.0",18.99805
"2724.0",21.87741
"2743.0",18.96642
"2751.0",16.77294
"2841.0",24.16873
"2909.0",29.53776
"2913.0",26.77203
"2986.0",23.61500
"3026.0",26.56696
"3035.0",27.08058
"3047.0",20.48148
"3083.0",24.34762
"3115.0",25.25041
"3119.0",26.15661
"3181.0",19.61601
"3194.0",25.09596
"3237.0",16.76699
"3244.0",14.08398
"3354.0",23.08478
"3425.0",15.10612
"3465.0",15.96229
"3734.0",13.21209
"3772.0",16.35815
"3864.0",14.38418
"3892.0",12.74110
"3922.0",13.26445
"3999.0",14.82053
"4004.0",16.68213
"4116.0",13.63000
"4411.0",21.62164
"4443.0",14.69250
"4444.0",16.07117
"4494.0",12.96852
"4583.0",14.47717
"4641.0",16.50421
"4704.0",18.35924
"4709.0",16.37494
"4721.0",15.05508
"4822.0",19.43463
"4871.0",17.19613
"4908.0",18.99409
"5015.0",20.05656
"5043.0",18.06056
"5045.0",17.47630
"5107.0",17.22019
"5342.0",16.30468
"5408.0",20.77245
"5482.0",17.15535
"5673.0",17.63232
"5684.0",18.39820
"5691.0",23.44262
"5764.0",15.76861
"5804.0",16.82267
"5863.0",15.11935
"5916.0",22.63771
"5921.0",20.90981
"5966.0",15.29904
"6089.0",14.65000
"6091.0",14.61473
"6109.0",15.53965
"6181.0",15.32337
"6199.0",17.77694
"6211.0",19.36800
"6312.0",11.65482
"6342.0",11.62149
"6441.0",16.22267
"6678.0",17.04994
"6815.0",17.28992
"6861.0",15.44534
"6862.0",15.60544
"6865.0",16.47881
"6964.0",13.13972
"7055.0",14.73443
"7083.0",14.82178
"7327.0",17.10575
"7346.0",12.96140
"7411.0",17.29900
"7416.0",18.61375
"7424.0",16.51311
"7534.0",15.32114
"7557.0",16.31404
"7573.0",16.02221
"7637.0",12.23629
"7665.0",13.22418
"7676.0",15.12445
"7688.0",13.17413
"7795.0",13.09176
"7826.0",11.41906
"7842.0",11.02015
"7854.0",10.00000
"7929.0",11.45640
"8022.0",17.53229
"8041.0",19.20722
"8051.0",14.20483
"8131.0",11.79729
"8181.0",13.28741
"8226.0",13.59497
"8335.0",12.45657
"8338.0",11.20316
"8434.0",9.32990
"8564.0",9.70258
"8821.0",9.72155
"8937.0",12.08958
"9043.0",9.09936
"9047.0",9.01000
"9101.0",9.94000
"9135.0",8.26723
"9137.0",8.10000
"9145.0",8.13000
"9162.0",7.56656
"9207.0",15.54363
"9409.0",10.51848
"9456.0",10.07650
"9605.0",9.54940
"9615.0",10.43587
"9651.0",9.98016
"9765.0",10.26595
"9922.0",8.80038
"1068.0",25.87824
"1082.0",21.95778
"1083.0",22.02764
"1095.0",
"1183.0",18.64309
"1211.0",17.67253
"1357.0",12.38987
"1454.0",16.79409
"1481.0",13.14853
"1521.0",16.57787
"1655.0",11.86606
"1688.0",12.42650
"1696.0",11.71447
"1697.0",10.64836
"1719.0",12.05010
"1754.0",9.87397
"1795.0",8.85299
"1812.0",14.82137
"1824.0",15.39164
"1825.0",13.77451
"1948.0",21.44070
"1962.0",16.56721
"2142.0",16.63729
"2211.0",15.53077
"2288.0",28.37451
"2317.0",18.83510
"2374.0",16.23485
"2377.0",16.95362
"2409.0",16.91585
"2532.0",21.99259
"2586.0",16.43075
"2614.0",21.92746
"2825.0",16.13799
"2906.0",22.12669
"2965.0",15.86207
"2971.0",17.18040
"2977.0",15.49253
"3015.0",31.04925
"3023.0",26.53751
"3051.0",24.42891
"3116.0",24.85387
"3165.0",32.82032
"3196.0",23.88880
"3257.0",15.06977
"3265.0",15.03991
"3274.0",23.87664
"3281.0",15.87431
"3401.0",16.88393
"3437.0",22.17219
"3449.0",16.83470
"3583.0",24.34998
"3608.0",23.98788
"3712.0",14.93478
"3769.0",16.89408
"4151.0",15.07474
"4204.0",23.93689
"4261.0",15.87381
"4325.0",11.87508
"4327.0",13.10205
"4472.0",15.40619
"4671.0",16.41793
"4694.0",13.98462
"4695.0",13.70729
"4751.0",17.41301
"4762.0",18.13496
"5014.0",20.20992
"5022.0",20.26628
"5036.0",18.56831
"5042.0",21.25986
"5053.0",21.41705
"5059.0",17.71000
"5243.0",16.76177
"5252.0",16.74303
"5262.0",16.79987
"5317.0",14.59809
"5428.0",14.59386
"5471.0",15.32733
"5534.0",13.73086
"5591.0",15.63939
"5632.0",22.01849
"5701.0",18.78983
"5702.0",17.75581
"5707.0",19.26619
"5731.0",17.03930
"5844.0",15.01399
"5962.0",15.79056
"6043.0",18.13769
"6167.0",26.09193
"6223.0",14.44560
"6353.0",13.13480
"6415.0",15.08209
"6546.0",20.28048
"6741.0",15.80175
"6821.0",19.03955
"6823.0",19.30373
"6852.0",16.98890
"6984.0",14.28236
"6986.0",14.20892
"7001.0",17.83750
"7077.0",15.26698
"7397.0",12.62980
"7426.0",14.14699
"7442.0",13.70083
"7471.0",14.54169
"7491.0",15.04367
"7604.0",15.23966
"7636.0",12.46576
"7672.0",13.15987
"7679.0",12.93016
"7742.0",11.33867
"7765.0",10.60000
"7778.0",11.73218
"7784.0",11.91625
"7793.0",11.87356
"7833.0",12.27083
"7856.0",10.33640
"7889.0",10.71566
"7904.0",12.97070
"7932.0",10.64564
"7954.0",11.52197
"7973.0",10.57470
"8011.0",18.39809
"8023.0",17.05988
"8111.0",12.76970
"8254.0",12.55010
"8472.0",10.72837
"8474.0",10.28552
"8478.0",10.12861
"8508.0",10.13604
"8561.0",9.98668
"8583.0",9.87146
"8734.0",9.91995
"8757.0",9.62577
"8811.0",9.36467
"8812.0",9.78009
"8852.0",8.85008
"8854.0",9.40000
"8883.0",8.05860
"8896.0",7.88061
"9026.0",11.82111
"9085.0",12.02126
"9086.0",10.85409
"9133.0",7.94947
"9214.0",9.57401
"9247.0",10.33534
"9257.0",9.20000
"9335.0",9.26419
"9362.0",10.88757
"9367.0",9.38467
"9423.0",10.23660
"9454.0",9.93082
"9481.0",10.67235
"9482.0",10.59452
"9616.0",10.91345
"9619.0",11.10998
"9698.0",9.66716
"9711.0",17.54984
"9715.0",15.90334
"9842.0",11.98800
"9862.0",10.25746
"9904.0",8.76076
"9924.0",10.38651
"9949.0",8.92904
"9966.0",8.30127
"9972.0",8.17977
"9981.0",7.80723
"9996.0",9.38430
"3328.0",21.31773
"3335.0",25.85209
"3413.0",16.78124
"3443.0",15.51671
"3732.0",16.89472
"3754.0",12.88218
"3826.0",15.36272
"3849.0",12.72409
"3912.0",14.06494
"4111.0",15.16189
"4141.0",19.61089
"4152.0",15.31338
"4241.0",16.97000
"4251.0",15.44233
"4354.0",
"4625.0",23.57207
"4664.0",15.99052
"4725.0",15.64353
"4726.0",16.81160
"4727.0",15.55990
"4761.0",19.00197
"4818.0",20.94096
"4944.0",26.05142
"5066.0",29.85225
"5104.0",16.85115
"5175.0",19.87209
"5355.0",15.14843
"5373.0",28.43661
"5465.0",16.51211
"5802.0",18.95284
"5826.0",15.16224
"5973.0",15.23683
"5988.0",14.61178
"6011.0",14.90751
"6129.0",17.06835
"6135.0",19.25186
"6161.0",27.25664
"6305.0",11.65030
"6575.0",15.98125
"6598.0",18.05387
"6599.0",14.05119
"6706.0",17.08683
"6816.0",16.11090
"6883.0",23.37826
"6902.0",21.80541
"7004.0",15.10230
"7095.0",14.92941
"7105.0",13.54227
"7226.0",13.36250
"7345.0",12.16375
"7412.0",14.98033
"7415.0",14.20881
"7427.0",15.68553
"7466.0",15.36662
"7531.0",16.79854
"7595.0",14.35977
"7634.0",12.15559
"7773.0",12.48570
"7912.0",10.79945
"7924.0",11.18429
"7942.0",14.48641
"7965.0",12.49496
"8025.0",17.80304
"8055.0",11.69696
"8219.0",12.29434
"8233.0",14.45352
"8277.0",13.11475
"8281.0",12.08370
"8302.0",10.82645
"8308.0",11.01276
"8333.0",11.50826
"8374.0",12.49654
"8407.0",11.57548
"8439.0",9.05811
"8447.0",12.90141
"8521.0",10.94275
"8539.0",10.30850
"8624.0",11.69181
"8626.0",10.15948
"8723.0",10.40468
"8732.0",9.76308
"8899.0",8.30576
"9006.0",10.93728
"9055.0",9.32204
"9172.0",8.32112
"9211.0",12.53189
"9261.0",9.46606
"9366.0",9.43346
"9431.0",10.20000
"9446.0",9.57090
"9451.0",10.12954
"9541.0",9.88989
"9591.0",10.10308
"9618.0",9.29360
"9671.0",11.66049
"9679.0",10.22612
"9691.0",9.78999
"9693.0",10.50200
"9717.0",14.32593
"9811.0",9.99612
"9901.0",10.03200
"9936.0",10.46613
"9977.0",7.70483
"9984.0",8.32332
"1965.0",17.17491
"7003.0",16.66002
"1067.0",18.20231
"1097.0",24.22533
"1188.0",16.24270
"1322.0",17.11266
"1356.0",13.98516
"1446.0",15.48460
"1645.0",11.58081
"1663.0",11.79129
"1691.0",11.94660
"1702.0",12.58984
"1724.0",12.20464
"1785.0",12.41610
"1816.0",14.59532
"1841.0",13.06244
"1862.0",11.35857
"1972.0",16.48996
"2011.0",19.30000
"2152.0",17.31470
"2241.0",15.76142
"2254.0",18.90045
"2271.0",24.83218
"2287.0",32.57812
"2316.0",21.47334
"2333.0",21.46587
"2382.0",18.26817
"2552.0",20.05000
"2563.0",21.91000
"2573.0",24.79497
"2597.0",18.41738
"2684.0",17.64998
"2903.0",21.47780
"2969.0",18.44937
"2973.0",16.89461
"2987.0",22.90443
"3028.0",30.76719
"3145.0",19.65000
"3238.0",17.10752
"3255.0",15.83217
"3312.0",23.23091
"3317.0",22.84790
"3453.0",19.70458
"3511.0",24.80218
"3573.0",21.40084
"3741.0",21.99015
"3764.0",14.00940
"3785.0",14.84458
"3792.0",13.78538
"3815.0",18.79016
"3825.0",18.42239
"3863.0",15.87644
"3997.0",13.26502
"4005.0",18.45399
"4143.0",15.99611
"4212.0",17.34947
"4231.0",22.15189
"4267.0",15.24162
"4268.0",15.53467
"4326.0",12.52505
"4424.0",14.18120
"4441.0",14.62403
"4513.0",13.72036
"4537.0",18.66000
"4645.0",16.68855
"4706.0",16.85492
"4797.0",16.29552
"4835.0",22.07447
"4838.0",17.71673
"4872.0",19.61569
"4874.0",15.86066
"5246.0",21.30265
"5308.0",14.71000
"5328.0",19.15707
"5353.0",14.17618
"5358.0",17.31684
"5431.0",18.21432
"5434.0",15.96975
"5461.0",18.74453
"5663.0",17.02998
"5674.0",17.01841
"5681.0",18.08860
"5935.0",17.08727
"6004.0",15.72759
"6005.0",14.46916
"6034.0",14.63676
"6074.0",14.83393
"6114.0",15.95312
"6226.0",16.32885
"6231.0",15.22108
"6247.0",14.06291
"6265.0",11.91570
"6336.0",12.85928
"6363.0",12.87004
"6523.0",16.93453
"6537.0",19.18239
"6627.0",13.93396
"6716.0",20.35154
"6721.0",17.39357
"6814.0",17.35257
"6844.0",18.47524
"6877.0",12.77045
"6942.0",16.61262
"6955.0",19.35275
"6961.0",12.63792
"6994.0",14.76929
"7005.0",18.46243
"7091.0",16.07000
"7215.0",12.72375
"7234.0",13.17999
"7361.0",13.99315
"7382.0",13.92163
"7524.0",13.81508
"7532.0",13.62440
"7596.0",12.59688
"7666.0",15.35236
"7668.0",12.01871
"7732.0",11.90610
"7887.0",10.89438
"7981.0",9.47304
"8042.0",13.77858
"8101.0",12.55888
"8242.0",
"8261.0",14.30067
"8319.0",10.58302
"8389.0",9.45996
"8427.0",9.05607
"8448.0",11.71879
"8451.0",11.10387
"8484.0",10.39546
"8486.0",9.93725
"8491.0",10.65526
"8516.0",11.17139
"8524.0",10.34646
"8531.0",10.69533
"8552.0",10.21667
"8572.0",9.77322
"8573.0",9.75669
"8584.0",9.91571
"8605.0",11.33228
"8771.0",10.72189
"8807.0",10.33629
"8884.0",8.09767
"9004.0",11.45807
"9032.0",10.10165
"9073.0",8.71611
"9131.0",8.38604
"9134.0",7.88091
"9142.0",7.88671
"9176.0",8.82957
"9243.0",9.06170
"9448.0",10.00697
"9461.0",9.87047
"9487.0",11.49836
"9535.0",9.58949
"9571.0",9.74852
"9608.0",11.17444
"9646.0",9.98755
"9648.0",9.80941
"9907.0",8.81662
"9943.0",9.09205
"9954.0",8.80927
"2275.0",24.63592
"1035.0",23.46213
"1043.0",22.08943
"1053.0",24.69004
"1103.0",20.15021
"1117.0",28.79142
"1244.0",12.58270
"1251.0",16.75885
"1321.0",16.31853
"1333.0",13.63814
"1352.0",15.09441
"1382.0",21.18006
"1503.0",20.24137
"1643.0",11.73858
"1722.0",12.91304
"1766.0",10.63497
"2157.0",19.98693
"2311.0",22.00500
"2343.0",18.55565
"2351.0",18.68473
"2353.0",18.86676
"2548.0",21.35818
"2555.0",19.37130
"2628.0",25.07368
"2631.0",20.77391
"2643.0",21.43716
"2723.0",22.00560
"2735.0",16.77990
"3072.0",25.89247
"3084.0",23.79883
"3193.0",24.71047
"3205.0",17.89688
"3417.0",15.39283
"3543.0",20.53907
"3731.0",19.81458
"3751.0",14.75094
"3862.0",13.51572
"3893.0",12.13244
"3925.0",15.84155
"4001.0",18.26640
"4023.0",13.77041
"4064.0",14.63344
"4124.0",16.52431
"4206.0",20.95310
"4235.0",15.57960
"4305.0",13.44418
"4311.0",14.41080
"4334.0",15.84304
"4353.0",13.28621
"4401.0",15.53705
"4421.0",15.92609
"4616.0",18.81452
"4623.0",19.07735
"4697.0",14.30000
"4772.0",18.49435
"4827.0",17.90060
"4905.0",19.09604
"4926.0",17.05819
"5275.0",17.60927
"5349.0",18.08518
"5352.0",14.93784
"5509.0",18.35402
"5531.0",15.79518
"5595.0",13.65217
"5613.0",20.04935
"5671.0",17.07035
"5711.0",16.94142
"5738.0",15.06456
"5846.0",14.68924
"5914.0",19.93581
"6141.0",17.14752
"6237.0",17.81020
"6274.0",11.33339
"6276.0",10.21326
"6433.0",16.64443
"6469.0",16.77082
"6584.0",15.07768
"6624.0",17.35954
"6732.0",11.44435
"6913.0",14.76996
"6931.0",17.92545
"7002.0",15.39146
"7047.0",15.30268
"7152.0",13.66369
"7202.0",15.42429
"7204.0",16.68654
"7261.0",13.51516
"7322.0",15.91256
"7384.0",19.03559
"7396.0",12.67540
"7423.0",15.01419
"7429.0",15.01857
"7431.0",12.56902
"7542.0",14.53218
"7556.0",17.52439
"7701.0",11.40091
"7707.0",11.32667
"7736.0",10.93032
"7754.0",15.74984
"7779.0",12.34319
"7918.0",10.66513
"8014.0",13.53006
"8084.0",14.55684
"8094.0",23.24166
"8124.0",15.98562
"8141.0",13.22284
"8151.0",11.53197
"8162.0",11.24216
"8196.0",12.54535
"8231.0",12.04413
"8244.0",10.90954
"8294.0",11.93490
"8383.0",9.94455
"8405.0",11.69890
"8426.0",9.22055
"8461.0",10.67899
"8476.0",10.21727
"8745.0",10.51548
"8753.0",10.25921
"8862.0",10.01167
"8925.0",10.99328
"9012.0",10.12597
"9014.0",9.97519
"9074.0",8.84158
"9081.0",10.71994
"9104.0",9.28203
"9113.0",8.97681
"9175.0",8.86029
"9265.0",10.02076
"9293.0",8.38817
"9343.0",9.68706
"9411.0",17.50439
"9486.0",11.12843
"9564.0",10.88807
"9661.0",9.94039
"9677.0",10.54626
"9774.0",10.27841
"9793.0",9.82589
"9913.0",8.71045
"9917.0",12.13670
"9921.0",9.26357
"9965.0",9.27594
"9997.0",8.32847
"5151.0",14.48920
"5709.0",20.73062
"1023.0",21.05095
"1046.0",21.13121
"1111.0",21.82560
"1314.0",15.49054
"1501.0",19.76958
"1631.0",13.18980
"1646.0",11.71775
"1652.0",11.48455
"1657.0",12.47110
"1681.0",12.44314
"1685.0",13.17568
"1742.0",11.20715
"1823.0",15.72189
"1981.0",19.65490
"2071.0",14.70009
"2106.0",15.27036
"2154.0",19.70779
"2159.0",15.51318
"2252.0",17.74665
"2272.0",22.13943
"2289.0",26.72713
"2322.0",25.16010
"2401.0",15.79067
"2515.0",26.29753
"2522.0",25.04172
"2622.0",23.16026
"2624.0",23.86164
"2805.0",18.98686
"2871.0",17.32198
"2931.0",20.31321
"3012.0",28.16337
"3029.0",24.79206
"3363.0",22.96654
"3526.0",25.37723
"3554.0",20.44237
"3752.0",13.96873
"3852.0",14.97081
"3882.0",13.09747
"3894.0",11.54933
"3951.0",15.16532
"3985.0",13.77453
"4041.0",18.09230
"4125.0",18.44004
"4153.0",16.31141
"4269.0",14.64355
"4302.0",14.29448
"4336.0",15.50868
"4352.0",12.94086
"4417.0",23.67885
"4435.0",14.70000
"4437.0",15.17812
"4504.0",13.16519
"4554.0",15.90399
"4622.0",17.18213
"4624.0",16.07956
"4791.0",17.01544
"4811.0",21.99431
"4817.0",20.55879
"5028.0",14.92171
"5035.0",17.69068
"5049.0",23.01287
"5152.0",16.66102
"5282.0",15.53649
"5398.0",14.81122
"5655.0",22.14656
"5685.0",18.66109
"5761.0",15.97972
"5811.0",18.50640
"5814.0",15.66095
"5971.0",19.71531
"6039.0",13.90000
"6092.0",15.64573
"6153.0",17.61518
"6273.0",11.15994
"6511.0",22.62942
"6579.0",14.98736
"6604.0",24.38235
"6704.0",14.62757
"6707.0",17.01161
"7039.0",15.59731
"7084.0",15.20920
"7103.0",15.48105
"7467.0",12.43304
"7536.0",13.63886
"7541.0",16.09896
"7547.0",15.39175
"7597.0",12.73012
"7661.0",11.69621
"7777.0",11.08724
"7844.0",12.00284
"7858.0",9.70635
"7881.0",11.13763
"8148.0",10.88780
"8194.0",12.14006
"8316.0",10.09516
"8378.0",9.93922
"8381.0",9.60296
"8412.0",9.33110
"8422.0",9.40180
"8481.0",10.03618
"8487.0",9.99311
"8542.0",10.11150
"8762.0",9.94522
"8912.0",12.67549
"8916.0",14.16815
"8924.0",12.47659
"9022.0",9.65000
"9033.0",10.47904
"9034.0",11.68704
"9053.0",8.89569
"9103.0",9.41000
"9111.0",9.06338
"9174.0",8.83763
"9178.0",8.94515
"9218.0",11.23917
"9219.0",10.48031
"9248.0",9.35057
"9355.0",12.68145
"9401.0",11.49010
"9421.0",9.40065
"9484.0",9.71932
"9493.0",16.43653
"9515.0",9.44409
"9611.0",10.94862
"9663.0",9.52535
"9712.0",16.75288
"9724.0",17.58356
"9738.0",12.45843
"9785.0",11.71219
"9795.0",9.60495
"9798.0",12.39187
"9831.0",11.17984
"9832.0",10.04628
"9852.0",8.23780
"9892.0",9.18360
"9906.0",8.27841
"9908.0",8.25259
"9914.0",8.42354
"9925.0",9.34527
"9944.0",8.75096
"9976.0",
"9995.0",8.76405
"7256.0",13.73884
"1031.0",22.20828
"1032.0",21.14972
"1076.0",25.65230
"1092.0",27.01901
"1096.0",24.68695
"1131.0",13.31999
"1362.0",15.50886
"1437.0",27.85238
"1443.0",15.29381
"1452.0",14.36416
"1561.0",18.31327
"1658.0",12.40975
"1678.0",11.74291
"1749.0",11.23200
"1755.0",9.18687
"1794.0",9.23545
"1861.0",9.97082
"1901.0",11.42166
"1935.0",9.99000
"1947.0",18.46336
"1949.0",17.61959
"1985.0",15.60379
"2025.0",18.21961
"2121.0",17.78470
"2144.0",15.86323
"2224.0",18.29473
"2253.0",17.98086
"2265.0",21.92893
"2405.0",18.62764
"2441.0",14.70366
"2531.0",23.48847
"2623.0",22.01833
"2675.0",20.27162
"2716.0",19.51817
"2717.0",20.96272
"2911.0",19.38409
"2924.0",20.75771
"3118.0",24.99457
"3132.0",19.90418
"3143.0",19.84488
"3211.0",19.83632
"3256.0",14.72624
"3366.0",18.11145
"3533.0",23.68430
"3553.0",21.22789
"3603.0",21.32587
"3621.0",21.70731
"3641.0",14.53905
"3766.0",12.83000
"3774.0",13.66471
"3836.0",15.30461
"3947.0",12.65095
"4007.0",15.99220
"4054.0",19.29416
"4126.0",15.73733
"4155.0",15.52367
"4281.0",15.68371
"4341.0",16.04420
"4458.0",15.59098
"4465.0",14.19265
"4538.0",18.65363
"4581.0",14.89494
"4621.0",18.44245
"4698.0",14.40678
"4731.0",17.22557
"4781.0",22.34298
"4927.0",16.32899
"5074.0",14.87045
"5109.0",15.71543
"5114.0",14.35247
"5223.0",23.07231
"5264.0",18.69897
"5298.0",16.93310
"5325.0",15.89855
"5351.0",15.77210
"5354.0",14.53739
"5364.0",14.64876
"5375.0",15.64279
"5425.0",14.90347
"5427.0",15.21443
"5432.0",16.62185
"5441.0",15.76190
"5823.0",15.02186
"5953.0",16.44707
"6029.0",13.52824
"6063.0",14.95328
"6136.0",17.03646
"6341.0",11.61682
"6412.0",16.59104
"6447.0",13.82010
"6544.0",19.76289
"6714.0",17.63040
"7121.0",15.09518
"7217.0",12.26674
"7244.0",13.16237
"7321.0",16.83908
"7329.0",16.72166
"7348.0",12.27847
"7433.0",13.84170
"7586.0",14.08848
"7787.0",11.38829
"7822.0",12.00000
"7831.0",10.48985
"7849.0",9.76219
"7892.0",11.98553
"7937.0",10.38422
"7955.0",10.49317
"8061.0",12.85680
"8082.0",13.28944
"8106.0",15.15882
"8356.0",10.23580
"8362.0",10.40934
"8382.0",9.74147
"8425.0",9.22285
"8444.0",11.40305
"8537.0",10.53368
"8565.0",10.01955
"8629.0",10.09998
"8642.0",10.03008
"8748.0",9.84068
"8758.0",9.88163
"8822.0",9.53993
"9143.0",7.92094
"9152.0",8.35123
"9295.0",8.74309
"9356.0",12.06168
"9465.0",9.65972
"9501.0",10.38375
"9537.0",9.78936
"9632.0",9.34791
"9633.0",9.35498
"9644.0",14.04052
"9726.0",17.95123
"9903.0",9.59978
"9942.0",8.92836
"9961.0",8.71831
"9968.0",7.63892
"9994.0",8.98778
"2585.0",21.96061
"7544.0",13.23459
"1036.0",20.29517
"1051.0",22.97043
"1063.0",21.23449
"1094.0",22.23060
"1114.0",23.49406
"1215.0",16.51998
"1221.0",17.26185
"1393.0",15.28136
"1444.0",14.85620
"1487.0",13.82936
"1502.0",21.82806
"1606.0",11.24051
"1769.0",11.10162
"1774.0",11.00728
"1811.0",16.72077
"1846.0",12.38222
"1911.0",15.00437
"1975.0",17.81655
"2019.0",19.30000
"2026.0",17.56976
"2032.0",19.97251
"2035.0",19.40225
"2063.0",16.51163
"2286.0",25.50312
"2341.0",18.58270
"2391.0",18.06385
"2592.0",20.77792
"2681.0",18.01750
"2801.0",21.25835
"2806.0",20.79424
"2907.0",21.19491
"2952.0",27.98864
"2959.0",17.78781
"2968.0",15.49492
"3069.0",20.83430
"3111.0",26.45932
"3233.0",16.82117
"3248.0",14.59645
"3329.0",16.80568
"3331.0",24.16065
"3432.0",23.79492
"3445.0",16.48290
"3452.0",18.55380
"3605.0",20.16541
"3643.0",16.21943
"3646.0",14.86181
"3898.0",12.73398
"3911.0",15.90776
"4021.0",13.58491
"4032.0",14.35869
"4062.0",15.09617
"4105.0",15.52701
"4142.0",15.97000
"4145.0",15.82346
"4201.0",19.76014
"4323.0",12.84213
"4365.0",12.54751
"4384.0",15.21989
"4485.0",13.40141
"4529.0",13.43321
"4541.0",17.18830
"4551.0",15.27577
"4585.0",14.50000
"4587.0",14.46610
"4703.0",17.28645
"4735.0",17.27970
"4759.0",17.25766
"4816.0",21.37012
"4877.0",19.53318
"4885.0",15.10000
"4904.0",19.57212
"4924.0",15.58355
"5047.0",18.01775
"5085.0",14.45993
"5096.0",14.68984
"5122.0",16.85586
"5271.0",17.17426
"5293.0",15.82849
"5359.0",14.74728
"5388.0",19.75049
"5437.0",15.15489
"5451.0",14.85838
"5511.0",14.49633
"5551.0",14.91015
"5617.0",21.67361
"5625.0",20.10876
"5653.0",20.64029
"5657.0",21.05668
"5683.0",20.83504
"5768.0",15.67210
"5807.0",16.96542
"5813.0",16.13010
"5855.0",15.48046
"5986.0",19.69160
"5991.0",15.53656
"6041.0",28.14897
"6219.0",15.17092
"6271.0",10.89203
"6277.0",10.54133
"6287.0",11.30656
"6421.0",14.95178
"6541.0",20.97696
"6586.0",15.30157
"6602.0",17.51045
"6621.0",15.74175
"6634.0",14.49766
"6651.0",15.88692
"6658.0",17.57276
"6836.0",18.62135
"6874.0",15.46453
"6911.0",15.00988
"6999.0",14.80187
"7641.0",12.65356
"7702.0",11.44074
"7792.0",11.60753
"7859.0",9.69396
"7985.0",9.35867
"8044.0",14.33489
"8079.0",11.16520
"8147.0",10.85292
"8154.0",11.57123
"8167.0",12.28343
"8224.0",14.13034
"8241.0",12.71560
"8274.0",12.90935
"8313.0",10.52834
"8372.0",10.46150
"8423.0",9.56114
"8424.0",9.26540
"8435.0",9.34783
"8445.0",10.66099
"8497.0",9.71364
"8529.0",10.19585
"8574.0",9.95699
"8627.0",10.03052
"8733.0",9.97766
"8751.0",11.38190
"8893.0",8.07551
"8894.0",8.05869
"9089.0",10.33964
"9155.0",8.80109
"9241.0",9.82211
"9256.0",9.62226
"9294.0",8.78036
"9298.0",9.12000
"9299.0",9.11726
"9306.0",9.00374
"9311.0",9.52726
"9312.0",9.95170
"9437.0",10.09544
"9468.0",9.62791
"9524.0",9.69096
"9581.0",10.54924
"9629.0",8.97929
"9886.0",9.18971
"9964.0",9.76098
"1733.0",13.23715
"1027.0",16.31888
"1028.0",13.72268
"1042.0",20.55413
"1087.0",18.11930
"1189.0",16.24741
"1212.0",21.25356
"1218.0",13.11846
"1241.0",14.05502
"1277.0",13.56727
"1319.0",12.25606
"1351.0",16.40236
"1354.0",14.54914
"1358.0",17.11746
"1474.0",13.21399
"1506.0",20.68990
"1546.0",13.30641
"1566.0",14.82706
"1624.0",15.15507
"1715.0",11.58507
"1721.0",13.28986
"1752.0",10.06765
"1791.0",10.29007
"1842.0",12.33875
"2034.0",17.64846
"2102.0",17.60622
"2245.0",16.68156
"2371.0",16.57762
"2554.0",15.31000
"2565.0",20.30000
"2583.0",18.11000
"2651.0",19.49129
"2711.0",25.13311
"2742.0",17.34207
"2804.0",21.14005
"2921.0",22.49162
"2925.0",19.39772
"2935.0",17.48535
"3052.0",23.73720
"3053.0",22.40228
"3114.0",24.68426
"3133.0",20.89045
"3214.0",14.16802
"3315.0",18.25609
"1187.0",19.25246
"1213.0",14.74870
"1325.0",14.70716
"1349.0",12.01717
"1353.0",13.76187
"1403.0",14.66105
"1406.0",14.54493
"1436.0",24.99678
"1462.0",12.34868
"1464.0",12.57963
"1471.0",13.28361
"1472.0",12.60016
"1647.0",12.27899
"1734.0",12.61377
"1757.0",10.71443
"1761.0",11.41824
"1781.0",14.49122
"1786.0",12.98220
"1789.0",9.75306
"1944.0",17.16034
"1973.0",16.86152
"2051.0",12.64533
"2221.0",16.72015
"2274.0",25.30978
"2284.0",23.67501
"2285.0",21.62356
"2543.0",20.94597
"2546.0",27.72332
"2572.0",26.37590
"2645.0",21.55766
"2731.0",19.07424
"2771.0",16.92138
"2809.0",23.11201
"2914.0",24.54495
"2984.0",23.34590
"2995.0",20.08514
"3066.0",23.64677
"3087.0",25.45263
"3147.0",22.01571
"3155.0",18.54098
"3161.0",19.67822
"3224.0",17.02767
"3299.0",18.68857
"3435.0",22.14054
"3438.0",22.55150
"3439.0",22.66877
"3446.0",17.72157
"3625.0",13.61560
"3652.0",13.59429
"3709.0",15.60194
"3765.0",15.52697
"3841.0",17.77456
"3971.0",19.26585
"4043.0",15.81699
"4063.0",15.40542
"4264.0",14.87715
"4306.0",13.44478
"4318.0",12.12807
"4321.0",12.63467
"4339.0",15.40339
"4438.0",14.88228
"4506.0",13.00000
"4566.0",14.90254
"4675.0",13.65032
"4813.0",21.24824
"4819.0",21.89061
"4911.0",16.98734
"5154.0",15.96145
"5213.0",23.39613
"5341.0",18.11651
"5405.0",16.44925
"5506.0",16.07924
"5575.0",12.90000
"5626.0",21.80855
"5645.0",18.37326
"5672.0",19.20996
"5682.0",19.42348
"5722.0",18.81126
"5841.0",15.18078
"5912.0",19.53638
"5923.0",20.53662
"6017.0",15.00704
"6042.0",17.39486
"6116.0",19.60522
"6301.0",12.35433
"6551.0",17.20866
"6571.0",14.81891
"6672.0",15.75575
"6715.0",17.92477
"7007.0",19.57291
"7009.0",14.80571
"7036.0",15.04454
"7071.0",15.89998
"7119.0",14.13226
"7142.0",14.27165
"7156.0",13.76184
"7233.0",13.30058
"7323.0",15.59646
"7324.0",16.45168
"7512.0",18.01077
"7553.0",16.76172
"7559.0",15.15496
"7575.0",15.03676
"7602.0",15.37766
"7692.0",11.53034
"7755.0",11.02140
"7815.0",11.00000
"7828.0",11.18201
"7852.0",10.20884
"7943.0",13.23092
"7971.0",10.69260
"7984.0",10.24751
"8243.0",12.93246
"8303.0",11.00822
"8337.0",11.00711
"8393.0",9.53673
"8394.0",9.68951
"8401.0",9.92000
"8463.0",10.25356
"8522.0",10.27291
"8532.0",10.91754
"8641.0",9.85804
"8722.0",9.93597
"8747.0",10.38777
"8756.0",9.47821
"8761.0",9.75388
"8804.0",9.71207
"8882.0",8.09550
"8935.0",13.53959
"9008.0",10.22296
"9067.0",9.05797
"9136.0",7.88264
"9223.0",10.00394
"9258.0",9.33786
"9271.0",9.23000
"9281.0",9.71995
"9404.0",11.01975
"9452.0",12.21933
"9455.0",10.76783
"9492.0",11.53252
"9511.0",9.45679
"9523.0",9.54131
"9607.0",10.96998
"9635.0",9.79718
"9636.0",10.37894
"9654.0",9.18929
"9688.0",9.26688
"9825.0",9.81290
"9948.0",8.64486
"9956.0",7.81189
"9963.0",8.56937
"3295.0",19.48665
"3351.0",22.30061
"3442.0",19.91400
"3448.0",20.58245
"3532.0",23.25235
"3555.0",22.27106
"3581.0",22.21781
"3702.0",17.76984
"3705.0",18.42049
"3737.0",17.98549
"3776.0",16.40938
"3784.0",19.19683
"4112.0",15.15332
"4175.0",16.09390
"4213.0",16.77516
"4265.0",16.28852
"4317.0",12.82770
"4361.0",12.40000
"4383.0",16.15790
"4535.0",17.14011
"4615.0",18.22541
"4652.0",16.93844
"4714.0",15.30005
"4722.0",14.97338
"4847.0",16.71256
"4849.0",16.82673
"5025.0",22.78176
"5026.0",25.74584
"5062.0",14.69957
"5106.0",15.74798
"5131.0",14.71051
"5211.0",21.88054
"5307.0",15.72045
"5374.0",16.92163
"5433.0",16.53132
"5504.0",18.36281
"5752.0",17.42732
"5759.0",15.47683
"5825.0",14.94930
"5845.0",15.47462
"5911.0",19.76448
"5932.0",17.76336
"5987.0",15.09780
"6081.0",14.99075
"6101.0",18.80924
"6107.0",15.37962
"6134.0",17.04000
"6229.0",13.99670
"6255.0",11.12040
"6281.0",10.76901
"6325.0",12.25696
"6367.0",13.46691
"6465.0",18.67751
"6531.0",22.55356
"6585.0",14.86954
"6587.0",15.04093
"6595.0",14.46863
"6652.0",15.96683
"6712.0",16.84096
"6923.0",15.27794
"6951.0",14.64074
"6987.0",16.87982
"7038.0",15.25974
"7054.0",14.49542
"7064.0",14.95489
"7101.0",15.31000
"7311.0",17.43000
"7418.0",18.09845
"7422.0",19.67234
"7614.0",13.14347
"7695.0",11.67355
"7734.0",10.96886
"7783.0",11.79017
"7885.0",11.25506
"7894.0",10.78117
"8035.0",13.16807
"8072.0",14.20549
"8152.0",12.08355
"8198.0",12.53508
"8256.0",11.13235
"8293.0",11.69657
"8377.0",9.82680
"8438.0",9.15643
"8551.0",10.40000
"8602.0",11.44618
"8618.0",10.64390
"8721.0",9.92927
"8746.0",10.22736
"8844.0",9.79937
"8855.0",9.62272
"9021.0",9.80996
"9027.0",9.93475
"9088.0",11.48518
"9254.0",9.77303
"9285.0",9.59000
"9304.0",9.20514
"9342.0",9.21232
"9359.0",10.04040
"9438.0",10.26844
"9489.0",10.44933
"9494.0",9.77718
"9514.0",9.52299
"9602.0",10.36033
"9631.0",10.32005
"9731.0",14.25569
"9737.0",12.92008
"9828.0",10.88244
"9864.0",9.64275
"9912.0",8.56294
"4651.0",17.32901
"1012.0",28.74343
"1060.0",21.02562
"1066.0",24.00666
"1104.0",18.69524
"1115.0",21.59990
"1127.0",15.80460
"1165.0",17.99327
"1329.0",14.81325
"1381.0",15.37060
"1435.0",19.16571
"1476.0",12.45086
"1731.0",12.04161
"1768.0",10.92913
"1773.0",11.10000
"1793.0",9.76799
"1822.0",15.19384
"1834.0",13.78201
"1902.0",13.92334
"2064.0",22.44578
"2136.0",16.25360
"2161.0",15.69175
"2243.0",15.93539
"2264.0",20.55096
"2283.0",21.86185
"2361.0",15.23157
"2625.0",23.20304
"2635.0",24.55849
"2691.0",20.05130
"2726.0",23.74115
"3011.0",30.63562
"3055.0",22.48195
"3065.0",24.03957
"3079.0",23.65309
"3141.0",20.36349
"3207.0",18.57834
"3252.0",12.35490
"3314.0",24.95306
"3531.0",24.72166
"3584.0",24.29664
"3818.0",14.90288
"3821.0",25.10540
"3851.0",13.29920
"3904.0",15.90353
"3956.0",13.89664
"3993.0",17.03346
"3994.0",14.61540
"4012.0",15.00118
"4053.0",15.74747
"4194.0",19.82949
"4288.0",15.98915
"4316.0",12.40000
"4373.0",13.50000
"4542.0",16.47071
"4553.0",14.73017
"4569.0",14.50000
"4631.0",16.45144
"5057.0",17.09960
"5095.0",13.72348
"5165.0",19.96610
"5254.0",15.32819
"5257.0",15.28090
"5333.0",17.16829
"5443.0",15.84365
"5571.0",13.14244
"5615.0",22.78625
"5665.0",18.02908
"5692.0",22.91389
"5704.0",17.82430
"5705.0",18.30921
"5801.0",16.31613
"5812.0",15.82766
"5928.0",21.70573
"5995.0",15.41700
"6013.0",14.75641
"6125.0",15.02445
"6127.0",14.17300
"6218.0",14.09721
"6291.0",10.34665
"6463.0",14.73707
"6522.0",20.51126
"6581.0",16.15886
"6974.0",14.08503
"7006.0",17.20469
"7126.0",14.81989
"7207.0",15.05464
"7335.0",16.47321
"7511.0",17.41420
"7686.0",11.49764
"7696.0",12.36392
"7737.0",11.22277
"7873.0",10.62037
"7891.0",11.06689
"7916.0",10.68837
"7949.0",15.17413
"7974.0",11.37248
"8019.0",19.50906
"8064.0",12.39952
"8091.0",13.52116
"8166.0",10.98171
"8225.0",12.84705
"8255.0",10.69730
"8263.0",13.94292
"8276.0",14.02511
"8317.0",10.07838
"8345.0",10.53282
"8384.0",9.37912
"8454.0",9.83580
"8465.0",14.31117
"8468.0",17.72125
"8479.0",10.17473
"8494.0",10.72082
"8735.0",9.82402
"8801.0",10.69192
"8841.0",9.81123
"8892.0",8.27385
"9003.0",9.80619
"9009.0",10.26091
"9025.0",10.06442
"9031.0",10.57756
"9077.0",9.04556
"9108.0",8.98209
"9114.0",8.82498
"9153.0",8.40370
"9204.0",10.81630
"9217.0",9.87896
"9222.0",10.18364
"9291.0",8.86957
"9402.0",12.69622
"9418.0",10.30264
"9566.0",9.75265
"9609.0",12.33894
"9613.0",10.28400
"9678.0",9.71704
"9697.0",9.91268
"9727.0",15.04890
"9746.0",14.08654
"9749.0",13.28005
"9755.0",10.05879
"9882.0",8.74021
"9909.0",8.67645
"9923.0",8.68842
"9947.0",8.51724
"2719.0",22.11486
"4812.0",25.01709
"5347.0",17.25461
"1014.0",24.38093
"1101.0",23.27789
"1132.0",13.51859
"1153.0",12.52713
"1182.0",19.29901
"1313.0",15.66305
"1341.0",12.70450
"1399.0",19.46539
"1662.0",11.94778
"1738.0",11.57656
"1934.0",11.02090
"1967.0",18.21671
"2103.0",16.52679
"2151.0",16.57602
"2225.0",16.50872
"2451.0",16.54589
"2518.0",24.34014
"2525.0",23.84362
"2594.0",21.75981
"2595.0",28.93500
"2865.0",17.27049
"2951.0",20.50329
"2983.0",22.59242
"3075.0",24.20582
"3112.0",27.01080
"1701.0",12.07181
"1079.0",22.67683
"1252.0",15.80019
"1315.0",16.60917
"1718.0",11.45096
"1732.0",11.32485
"1831.0",12.26813
"1853.0",13.48108
"2041.0",11.95463
"2172.0",17.38940
"2291.0",24.20030
"2318.0",17.01961
"2465.0",16.89599
"2584.0",20.22983
"2676.0",19.86868
"2725.0",18.10183
"2811.0",17.59738
"2851.0",16.27053
"2926.0",20.86187
"2994.0",25.40100
"3013.0",27.65290
"3089.0",28.41016
"3218.0",17.99199
"3234.0",15.24282
"3343.0",22.63638
"3404.0",18.31486
"3523.0",23.20913
"3551.0",21.73092
"3585.0",30.18414
"3612.0",14.45565
"3615.0",14.34716
"3633.0",15.35585
"3707.0",14.46257
"3822.0",17.16227
"3828.0",14.93529
"3907.0",19.71300
"3989.0",15.91789
"4102.0",15.06068
"4121.0",16.22198
"4209.0",19.25082
"4271.0",15.44510
"4322.0",12.29429
"4331.0",16.27887
"4415.0",15.51218
"4434.0",14.49969
"4455.0",18.28586
"4532.0",17.94000
"4635.0",15.95986
"4815.0",21.35175
"4839.0",21.07017
"4856.0",15.41489
"4879.0",19.73956
"5056.0",19.99869
"5094.0",14.99452
"5212.0",22.25000
"5224.0",20.12405
"5438.0",14.80528
"5512.0",13.74324
"5612.0",23.52495
"5754.0",16.05010
"5808.0",16.96202
"5836.0",15.31683
"5943.0",14.87836
"5961.0",23.18588
"5985.0",15.88707
"6027.0",13.66009
"6067.0",15.51767
"6099.0",14.83750
"6112.0",16.68334
"6123.0",19.51624
"6133.0",16.60000
"6212.0",13.27630
"6224.0",24.53093
"6295.0",11.27712
"6343.0",16.82018
"6451.0",12.73526
"6578.0",14.14930
"6673.0",17.68791
"6677.0",17.38045
"6708.0",15.08161
"6711.0",14.94866
"6813.0",18.90828
"6826.0",20.51181
"6842.0",19.71224
"6851.0",15.47961
"6916.0",16.43801
"7135.0",14.28881
"7206.0",15.92983
"7275.0",12.87994
"7419.0",16.64411
"7513.0",18.23868
"7615.0",12.83505
"7705.0",11.49733
"7722.0",12.06174
"7909.0",12.13601
"7925.0",11.11240
"8021.0",17.95790
"8077.0",11.58190
"8212.0",12.76411
"8265.0",14.05077
"8266.0",15.42257
"8278.0",12.15780
"8307.0",11.08822
"8464.0",10.21877
"8482.0",10.21468
"8483.0",10.23633
"8495.0",10.24246
"8512.0",11.15906
"8536.0",11.29724
"8567.0",9.78996
"8773.0",10.74268
"8843.0",9.92795
"8919.0",9.90682
"9063.0",9.29961
"9109.0",9.85356
"9262.0",9.88852
"9287.0",9.33000
"9305.0",9.41060
"9407.0",13.01792
"9415.0",9.83506
"9695.0",9.84236
"9696.0",10.10216
"9736.0",11.77317
"9742.0",14.67019
"9751.0",11.23720
"9853.0",8.27176
"9951.0",9.62333
"9986.0",8.29396
"3405.0",15.29519
"3447.0",20.86034
"3454.0",21.80807
"3474.0",13.59353
"3528.0",29.10240
"3546.0",17.50297
"3561.0",20.76353
"3611.0",20.30755
"3706.0",23.37526
"3738.0",16.12240
"3781.0",14.76620
"3834.0",14.00847
"4033.0",14.91502
"4207.0",17.95852
"4333.0",13.69336
"4413.0",15.96648
"4461.0",16.49935
"4568.0",14.23773
"4834.0",17.96649
"4921.0",18.29742
"4942.0",22.79480
"5146.0",19.88960
"5247.0",15.92105
"5301.0",20.85564
"5356.0",16.65464
"5381.0",16.58260
"5384.0",16.08021
"5507.0",14.12110
"5541.0",14.75974
"5582.0",16.33885
"5662.0",16.91798
"5667.0",18.58755
"5688.0",16.88843
"5703.0",21.91806
"5766.0",14.25337
"5851.0",14.60286
"5866.0",14.92621
"5944.0",14.85603
"6002.0",14.14535
"6085.0",17.39298
"6151.0",14.77530
"6166.0",15.90557
"6227.0",15.04749
"6515.0",21.30244
"6536.0",17.90283
"6561.0",15.15666
"6833.0",20.24012
"6843.0",17.48810
"6866.0",20.61429
"7025.0",13.69038
"7045.0",15.20986
"7161.0",13.02400
"7211.0",13.71905
"7221.0",13.50516
"7227.0",13.86829
"7315.0",13.86172
"7448.0",11.61131
"7463.0",13.75832
"7551.0",17.47135
"7601.0",15.62845
"7715.0",11.09253
"7753.0",10.64796
"7788.0",11.18021
"7825.0",12.30054
"8121.0",12.09387
"8146.0",11.60222
"8193.0",12.22047
"8291.0",11.56808
"8342.0",9.96290
"8428.0",9.11304
"8456.0",10.25448
"8459.0",10.58018
"8502.0",11.10964
"8534.0",11.32654
"8554.0",10.67102
"8736.0",9.94930
"8922.0",13.64285
"9044.0",10.39954
"9054.0",9.03909
"9056.0",9.52638
"9064.0",9.26926
"9123.0",8.43000
"9216.0",9.41724
"9337.0",9.12606
"9416.0",9.33265
"9449.0",9.81444
"9563.0",10.15122
"9617.0",9.80618
"9686.0",9.48448
"9716.0",18.78480
"9747.0",12.23057
"9801.0",10.13788
"9932.0",10.21889
"2551.0",19.71235
"5242.0",20.28817
"1037.0",24.34340
"1141.0",13.35861
"1222.0",14.30712
"1438.0",26.65124
"1544.0",17.63795
"1619.0",11.56081
"1684.0",17.85701
"1764.0",10.47183
"1784.0",11.35223
"1832.0",12.09500
"1966.0",16.62939
"1976.0",13.20000
"2036.0",17.00716
"2133.0",20.10843
"2202.0",14.84151
"2244.0",20.33828
"2263.0",18.64567
"2352.0",22.40663
"2404.0",18.49598
"2435.0",14.27429
"2513.0",26.09783
"2587.0",18.92848
"2727.0",19.36068
"2728.0",18.71265
"2904.0",20.05241
"2961.0",20.20116
"3036.0",26.86557
"3045.0",22.29817
"3073.0",24.75578
"3243.0",14.40069
"1041.0",20.29560
"1069.0",21.88602
"1075.0",24.13802
"1309.0",12.54575
"1324.0",15.12251
"1384.0",24.25182
"1421.0",16.73031
"1463.0",14.35736
"1642.0",12.11902
"1686.0",13.07127
"1741.0",11.04435
"1753.0",9.61312
"1815.0",14.46300
"1817.0",15.12165
"2082.0",15.78150
"2105.0",17.10777
"2111.0",14.33488
"2155.0",25.06000
"2162.0",16.02979
"2262.0",20.96261
"2281.0",26.70874
"2671.0",21.59680
"2718.0",23.02569
"2964.0",15.48744
"2985.0",23.16576
"3014.0",27.29341
"3021.0",29.54785
"3027.0",25.56734
"3031.0",25.93022
"3033.0",26.96548
"3068.0",23.61470
"3076.0",26.78802
"3131.0",24.05217
"3263.0",18.23015
"3286.0",16.87813
"3355.0",24.68775
"3562.0",20.21174
"3566.0",18.33521
"3739.0",15.04047
"3835.0",16.67674
"4061.0",14.56654
"4163.0",15.66885
"4208.0",16.90077
"4707.0",19.31968
"4754.0",16.60538
"4845.0",18.86861
"4861.0",15.49180
"4881.0",16.19629
"4891.0",17.25060
"4906.0",18.81471
"4931.0",18.26427
"5051.0",15.42980
"5121.0",17.06024
"5253.0",17.86676
"5291.0",16.19288
"5343.0",20.40556
"5367.0",15.03316
"5386.0",15.54224
"5467.0",17.32326
"5529.0",13.92975
"5555.0",15.00344
"5725.0",14.67972
"5963.0",16.82953
"6037.0",17.48109
"6049.0",15.22836
"6131.0",17.89000
"6174.0",14.80943
"6215.0",13.83020
"6243.0",14.27979
"6361.0",14.00660
"6374.0",16.93279
"6438.0",13.94258
"6613.0",15.28444
"6631.0",14.11514
"6669.0",16.18074
"6671.0",17.25459
"6702.0",15.45989
"6811.0",22.20515
"6827.0",22.05921
"6835.0",19.04929
"6905.0",16.55387
"6917.0",15.20864
"6952.0",13.50177
"6981.0",15.89106
"7081.0",14.96262
"7104.0",13.77000
"7108.0",14.01622
"7231.0",14.72182
"7352.0",12.18989
"7437.0",14.64853
"7462.0",14.13978
"7478.0",13.01656
"7558.0",16.40515
"7572.0",16.73090
"7711.0",11.96167
"7847.0",10.33172
"7907.0",13.78354
"7926.0",11.11855
"7927.0",11.19938
"7963.0",10.40124
"8075.0",11.67084
"8232.0",14.61137
"8245.0",11.06830
"8314.0",14.03969
"8336.0",10.96943
"8344.0",12.18594
"8409.0",9.29669
"8452.0",10.41217
"8475.0",9.67598
"8489.0",10.90938
"8872.0",11.23265
"8934.0",13.44966
"9001.0",10.52944
"9154.0",8.76917
"9331.0",9.14049
"9354.0",9.39044
"9363.0",10.74041
"9436.0",10.09445
"9444.0",9.64000
"9512.0",10.79983
"9627.0",8.87236
"9649.0",9.88544
"9681.0",10.30768
"9725.0",15.37832
"9743.0",14.69998
"9761.0",10.15413
"9851.0",8.90009
"9872.0",9.59730
"9873.0",9.43775
"9893.0",9.41891
"9934.0",10.88000
